	model	trainable	batch	lr	dropout	iteration	string	acc
0	VGG16	False	16	0.0001	0.4	0	VGG16_train-False_batch-16_lr-0.0001_dropout-0.4	0.5485045925523732
1	VGG16	False	16	0.0001	0.5	0	VGG16_train-False_batch-16_lr-0.0001_dropout-0.5	0.6385472370766488
2	VGG16	False	16	0.0001	0.6	0	VGG16_train-False_batch-16_lr-0.0001_dropout-0.6	0.6893421109246589
3	VGG16	False	16	1e-05	0.4	0	VGG16_train-False_batch-16_lr-1e-05_dropout-0.4	0.6469828341215624
4	VGG16	False	16	1e-05	0.5	0	VGG16_train-False_batch-16_lr-1e-05_dropout-0.5	0.6535041029053005
5	VGG16	False	16	1e-05	0.6	0	VGG16_train-False_batch-16_lr-1e-05_dropout-0.6	0.5979248152976966
6	VGG16	False	16	1e-06	0.4	0	VGG16_train-False_batch-16_lr-1e-06_dropout-0.4	0.6232772166105499
7	VGG16	False	16	1e-06	0.5	0	VGG16_train-False_batch-16_lr-1e-06_dropout-0.5	0.6252114875710382
8	VGG16	False	16	1e-06	0.6	0	VGG16_train-False_batch-16_lr-1e-06_dropout-0.6	0.6037784679089027
9	VGG16	False	32	0.0001	0.4	0	VGG16_train-False_batch-32_lr-0.0001_dropout-0.4	0.611554668440896
10	VGG16	False	32	0.0001	0.5	0	VGG16_train-False_batch-32_lr-0.0001_dropout-0.5	0.69259805235415
11	VGG16	False	32	0.0001	0.6	0	VGG16_train-False_batch-32_lr-0.0001_dropout-0.6	0.6827389864343723
12	VGG16	False	32	1e-05	0.4	0	VGG16_train-False_batch-32_lr-1e-05_dropout-0.4	0.6094662772172066
13	VGG16	False	32	1e-05	0.5	0	VGG16_train-False_batch-32_lr-1e-05_dropout-0.5	0.6399844028520498
14	VGG16	False	32	1e-05	0.6	0	VGG16_train-False_batch-32_lr-1e-05_dropout-0.6	0.6136363636363636
15	VGG16	False	32	1e-06	0.4	0	VGG16_train-False_batch-32_lr-1e-06_dropout-0.4	0.5908385093167702
16	VGG16	False	32	1e-06	0.5	0	VGG16_train-False_batch-32_lr-1e-06_dropout-0.5	0.6309288537549407
17	VGG16	False	32	1e-06	0.6	0	VGG16_train-False_batch-32_lr-1e-06_dropout-0.6	0.4972848788638262
18	VGG16	False	64	0.0001	0.4	0	VGG16_train-False_batch-64_lr-0.0001_dropout-0.4	0.6088176309950504
19	VGG16	False	64	0.0001	0.5	0	VGG16_train-False_batch-64_lr-0.0001_dropout-0.5	0.6292994601184256
20	VGG16	False	64	0.0001	0.6	0	VGG16_train-False_batch-64_lr-0.0001_dropout-0.6	0.7286967418546366
21	VGG16	False	64	1e-05	0.4	0	VGG16_train-False_batch-64_lr-1e-05_dropout-0.4	0.5970258136924803
22	VGG16	False	64	1e-05	0.5	0	VGG16_train-False_batch-64_lr-1e-05_dropout-0.5	0.7021043547530537
23	VGG16	False	64	1e-05	0.6	0	VGG16_train-False_batch-64_lr-1e-05_dropout-0.6	0.6049661904975147
24	VGG16	False	64	1e-06	0.4	0	VGG16_train-False_batch-64_lr-1e-06_dropout-0.4	0.5183713223769648
25	VGG16	False	64	1e-06	0.5	0	VGG16_train-False_batch-64_lr-1e-06_dropout-0.5	0.5982490707984416
26	VGG16	False	64	1e-06	0.6	0	VGG16_train-False_batch-64_lr-1e-06_dropout-0.6	0.5891812865497077
27	VGG16	True	16	0.0001	0.4	0	VGG16_train-True_batch-16_lr-0.0001_dropout-0.4	0.4972083552285865
28	VGG16	True	16	0.0001	0.5	0	VGG16_train-True_batch-16_lr-0.0001_dropout-0.5	0.5230903699769871
29	VGG16	True	16	0.0001	0.6	0	VGG16_train-True_batch-16_lr-0.0001_dropout-0.6	0.5
30	VGG16	True	16	1e-05	0.4	0	VGG16_train-True_batch-16_lr-1e-05_dropout-0.4	0.677792465300727
31	VGG16	True	16	1e-05	0.5	0	VGG16_train-True_batch-16_lr-1e-05_dropout-0.5	0.8003037454656703
32	VGG16	True	16	1e-05	0.6	0	VGG16_train-True_batch-16_lr-1e-05_dropout-0.6	0.6798624972277667
33	VGG16	True	16	1e-06	0.4	0	VGG16_train-True_batch-16_lr-1e-06_dropout-0.4	0.6012515698757092
34	VGG16	True	16	1e-06	0.5	0	VGG16_train-True_batch-16_lr-1e-06_dropout-0.5	0.6940247854265196
35	VGG16	True	16	1e-06	0.6	0	VGG16_train-True_batch-16_lr-1e-06_dropout-0.6	0.669897553651859
36	VGG16	True	32	0.0001	0.4	0	VGG16_train-True_batch-32_lr-0.0001_dropout-0.4	0.5
37	VGG16	True	32	0.0001	0.5	0	VGG16_train-True_batch-32_lr-0.0001_dropout-0.5	0.5
38	VGG16	True	32	0.0001	0.6	0	VGG16_train-True_batch-32_lr-0.0001_dropout-0.6	0.5
39	VGG16	True	32	1e-05	0.4	0	VGG16_train-True_batch-32_lr-1e-05_dropout-0.4	0.6293129770992366
40	VGG16	True	32	1e-05	0.5	0	VGG16_train-True_batch-32_lr-1e-05_dropout-0.5	0.5708978675645342
41	VGG16	True	32	1e-05	0.6	0	VGG16_train-True_batch-32_lr-1e-05_dropout-0.6	0.610085666342842
42	VGG16	True	32	1e-06	0.4	0	VGG16_train-True_batch-32_lr-1e-06_dropout-0.4	0.6004140786749482
43	VGG16	True	32	1e-06	0.5	0	VGG16_train-True_batch-32_lr-1e-06_dropout-0.5	0.5953870037702373
44	VGG16	True	32	1e-06	0.6	0	VGG16_train-True_batch-32_lr-1e-06_dropout-0.6	0.5712295367467781
45	VGG16	True	64	0.0001	0.4	0	VGG16_train-True_batch-64_lr-0.0001_dropout-0.4	0.5
46	VGG16	True	64	0.0001	0.5	0	VGG16_train-True_batch-64_lr-0.0001_dropout-0.5	0.5
47	VGG16	True	64	0.0001	0.6	0	VGG16_train-True_batch-64_lr-0.0001_dropout-0.6	0.5
48	VGG16	True	64	1e-05	0.4	0	VGG16_train-True_batch-64_lr-1e-05_dropout-0.4	0.6146773465703972
49	VGG16	True	64	1e-05	0.5	0	VGG16_train-True_batch-64_lr-1e-05_dropout-0.5	0.6342758926591262
50	VGG16	True	64	1e-05	0.6	0	VGG16_train-True_batch-64_lr-1e-05_dropout-0.6	0.6179935941432166
51	VGG16	True	64	1e-06	0.4	0	VGG16_train-True_batch-64_lr-1e-06_dropout-0.4	0.570476022255586
52	VGG16	True	64	1e-06	0.5	0	VGG16_train-True_batch-64_lr-1e-06_dropout-0.5	0.5882219500022685
53	VGG16	True	64	1e-06	0.6	0	VGG16_train-True_batch-64_lr-1e-06_dropout-0.6	0.49563197439203305
54	MobileNetV2	False	16	0.0001	0.4	0	MobileNetV2_train-False_batch-16_lr-0.0001_dropout-0.4	0.5592885375494071
55	MobileNetV2	False	16	0.0001	0.5	0	MobileNetV2_train-False_batch-16_lr-0.0001_dropout-0.5	0.5849708798292802
56	MobileNetV2	False	16	0.0001	0.6	0	MobileNetV2_train-False_batch-16_lr-0.0001_dropout-0.6	0.5986926429120738
57	MobileNetV2	False	16	1e-05	0.4	0	MobileNetV2_train-False_batch-16_lr-1e-05_dropout-0.4	0.5948275862068966
58	MobileNetV2	False	16	1e-05	0.5	0	MobileNetV2_train-False_batch-16_lr-1e-05_dropout-0.5	0.6071227842628621
59	MobileNetV2	False	16	1e-05	0.6	0	MobileNetV2_train-False_batch-16_lr-1e-05_dropout-0.6	0.5703987459153934
60	MobileNetV2	False	16	1e-06	0.4	0	MobileNetV2_train-False_batch-16_lr-1e-06_dropout-0.4	0.6041805278332224
61	MobileNetV2	False	16	1e-06	0.5	0	MobileNetV2_train-False_batch-16_lr-1e-06_dropout-0.5	0.570709407358449
62	MobileNetV2	False	16	1e-06	0.6	0	MobileNetV2_train-False_batch-16_lr-1e-06_dropout-0.6	0.5293495934959349
63	MobileNetV2	False	32	0.0001	0.4	0	MobileNetV2_train-False_batch-32_lr-0.0001_dropout-0.4	0.5791901188242652
64	MobileNetV2	False	32	0.0001	0.5	0	MobileNetV2_train-False_batch-32_lr-0.0001_dropout-0.5	0.5647791644538857
65	MobileNetV2	False	32	0.0001	0.6	0	MobileNetV2_train-False_batch-32_lr-0.0001_dropout-0.6	0.5769197016235191
66	MobileNetV2	False	32	1e-05	0.4	0	MobileNetV2_train-False_batch-32_lr-1e-05_dropout-0.4	0.5904777345438824
67	MobileNetV2	False	32	1e-05	0.5	0	MobileNetV2_train-False_batch-32_lr-1e-05_dropout-0.5	0.5883222548342542
68	MobileNetV2	False	32	1e-05	0.6	0	MobileNetV2_train-False_batch-32_lr-1e-05_dropout-0.6	0.5682312038244242
69	MobileNetV2	False	32	1e-06	0.4	0	MobileNetV2_train-False_batch-32_lr-1e-06_dropout-0.4	0.5958557802702464
70	MobileNetV2	False	32	1e-06	0.5	0	MobileNetV2_train-False_batch-32_lr-1e-06_dropout-0.5	0.5889494657558241
71	MobileNetV2	False	32	1e-06	0.6	0	MobileNetV2_train-False_batch-32_lr-1e-06_dropout-0.6	0.5507343595537353
72	MobileNetV2	False	64	0.0001	0.4	0	MobileNetV2_train-False_batch-64_lr-0.0001_dropout-0.4	0.6119871368374363
73	MobileNetV2	False	64	0.0001	0.5	0	MobileNetV2_train-False_batch-64_lr-0.0001_dropout-0.5	0.512987012987013
74	MobileNetV2	False	64	0.0001	0.6	0	MobileNetV2_train-False_batch-64_lr-0.0001_dropout-0.6	0.5782703172533681
75	MobileNetV2	False	64	1e-05	0.4	0	MobileNetV2_train-False_batch-64_lr-1e-05_dropout-0.4	0.5779171210468921
76	MobileNetV2	False	64	1e-05	0.5	0	MobileNetV2_train-False_batch-64_lr-1e-05_dropout-0.5	0.5904669260700389
77	MobileNetV2	False	64	1e-05	0.6	0	MobileNetV2_train-False_batch-64_lr-1e-05_dropout-0.6	0.5421700375548618
78	MobileNetV2	False	64	1e-06	0.4	0	MobileNetV2_train-False_batch-64_lr-1e-06_dropout-0.4	0.5627468187801667
79	MobileNetV2	False	64	1e-06	0.5	0	MobileNetV2_train-False_batch-64_lr-1e-06_dropout-0.5	0.5692802617230098
80	MobileNetV2	False	64	1e-06	0.6	0	MobileNetV2_train-False_batch-64_lr-1e-06_dropout-0.6	0.5178783873099801
81	MobileNetV2	True	16	0.0001	0.4	0	MobileNetV2_train-True_batch-16_lr-0.0001_dropout-0.4	0.5020403685827117
82	MobileNetV2	True	16	0.0001	0.5	0	MobileNetV2_train-True_batch-16_lr-0.0001_dropout-0.5	0.5036100302637267
83	MobileNetV2	True	16	0.0001	0.6	0	MobileNetV2_train-True_batch-16_lr-0.0001_dropout-0.6	0.5
84	MobileNetV2	True	16	1e-05	0.4	0	MobileNetV2_train-True_batch-16_lr-1e-05_dropout-0.4	0.5087719298245614
85	MobileNetV2	True	16	1e-05	0.5	0	MobileNetV2_train-True_batch-16_lr-1e-05_dropout-0.5	0.5804139065487041
86	MobileNetV2	True	16	1e-05	0.6	0	MobileNetV2_train-True_batch-16_lr-1e-05_dropout-0.6	0.5288101604278075
87	MobileNetV2	True	16	1e-06	0.4	0	MobileNetV2_train-True_batch-16_lr-1e-06_dropout-0.4	0.5315221177290143
88	MobileNetV2	True	16	1e-06	0.5	0	MobileNetV2_train-True_batch-16_lr-1e-06_dropout-0.5	0.5407085011476332
89	MobileNetV2	True	16	1e-06	0.6	0	MobileNetV2_train-True_batch-16_lr-1e-06_dropout-0.6	0.5363295880149813
90	MobileNetV2	True	32	0.0001	0.4	0	MobileNetV2_train-True_batch-32_lr-0.0001_dropout-0.4	0.5651746627356383
91	MobileNetV2	True	32	0.0001	0.5	0	MobileNetV2_train-True_batch-32_lr-0.0001_dropout-0.5	0.5030864197530864
92	MobileNetV2	True	32	0.0001	0.6	0	MobileNetV2_train-True_batch-32_lr-0.0001_dropout-0.6	0.5
93	MobileNetV2	True	32	1e-05	0.4	0	MobileNetV2_train-True_batch-32_lr-1e-05_dropout-0.4	0.5698418003565062
94	MobileNetV2	True	32	1e-05	0.5	0	MobileNetV2_train-True_batch-32_lr-1e-05_dropout-0.5	0.4990463517409625
95	MobileNetV2	True	32	1e-05	0.6	0	MobileNetV2_train-True_batch-32_lr-1e-05_dropout-0.6	0.5388667110223997
96	MobileNetV2	True	32	1e-06	0.4	0	MobileNetV2_train-True_batch-32_lr-1e-06_dropout-0.4	0.5742295407458564
97	MobileNetV2	True	32	1e-06	0.5	0	MobileNetV2_train-True_batch-32_lr-1e-06_dropout-0.5	0.5790665751544268
98	MobileNetV2	True	32	1e-06	0.6	0	MobileNetV2_train-True_batch-32_lr-1e-06_dropout-0.6	0.5212702939885915
99	MobileNetV2	True	64	0.0001	0.4	0	MobileNetV2_train-True_batch-64_lr-0.0001_dropout-0.4	0.5086203036138104
100	MobileNetV2	True	64	0.0001	0.5	0	MobileNetV2_train-True_batch-64_lr-0.0001_dropout-0.5	0.5573519627411843
101	MobileNetV2	True	64	0.0001	0.6	0	MobileNetV2_train-True_batch-64_lr-0.0001_dropout-0.6	0.5244575808756659
102	MobileNetV2	True	64	1e-05	0.4	0	MobileNetV2_train-True_batch-64_lr-1e-05_dropout-0.4	0.4845893501805054
103	MobileNetV2	True	64	1e-05	0.5	0	MobileNetV2_train-True_batch-64_lr-1e-05_dropout-0.5	0.5438562925170068
104	MobileNetV2	True	64	1e-05	0.6	0	MobileNetV2_train-True_batch-64_lr-1e-05_dropout-0.6	0.5477097565247855
105	MobileNetV2	True	64	1e-06	0.4	0	MobileNetV2_train-True_batch-64_lr-1e-06_dropout-0.4	0.5383428411110072
106	MobileNetV2	True	64	1e-06	0.5	0	MobileNetV2_train-True_batch-64_lr-1e-06_dropout-0.5	0.534443168771527
107	MobileNetV2	True	64	1e-06	0.6	0	MobileNetV2_train-True_batch-64_lr-1e-06_dropout-0.6	0.5192614813535912
108	InceptionResNetV2	False	16	0.0001	0.4	0	InceptionResNetV2_train-False_batch-16_lr-0.0001_dropout-0.4	0.5817054363192392
109	InceptionResNetV2	False	16	0.0001	0.5	0	InceptionResNetV2_train-False_batch-16_lr-0.0001_dropout-0.5	0.5
110	InceptionResNetV2	False	16	0.0001	0.6	0	InceptionResNetV2_train-False_batch-16_lr-0.0001_dropout-0.6	0.5357666829680344
111	InceptionResNetV2	False	16	1e-05	0.4	0	InceptionResNetV2_train-False_batch-16_lr-1e-05_dropout-0.4	0.5605515587529976
112	InceptionResNetV2	False	16	1e-05	0.5	0	InceptionResNetV2_train-False_batch-16_lr-1e-05_dropout-0.5	0.5130262748410617
113	InceptionResNetV2	False	16	1e-05	0.6	0	InceptionResNetV2_train-False_batch-16_lr-1e-05_dropout-0.6	0.5912574016022292
114	InceptionResNetV2	False	16	1e-06	0.4	0	InceptionResNetV2_train-False_batch-16_lr-1e-06_dropout-0.4	0.52108540139539
115	InceptionResNetV2	False	16	1e-06	0.5	0	InceptionResNetV2_train-False_batch-16_lr-1e-06_dropout-0.5	0.5484819691416678
116	InceptionResNetV2	False	16	1e-06	0.6	0	InceptionResNetV2_train-False_batch-16_lr-1e-06_dropout-0.6	0.5590899265023779
117	InceptionResNetV2	False	32	0.0001	0.4	0	InceptionResNetV2_train-False_batch-32_lr-0.0001_dropout-0.4	0.5510138146167558
118	InceptionResNetV2	False	32	0.0001	0.5	0	InceptionResNetV2_train-False_batch-32_lr-0.0001_dropout-0.5	0.5
119	InceptionResNetV2	False	32	0.0001	0.6	0	InceptionResNetV2_train-False_batch-32_lr-0.0001_dropout-0.6	0.6274703557312253
120	InceptionResNetV2	False	32	1e-05	0.4	0	InceptionResNetV2_train-False_batch-32_lr-1e-05_dropout-0.4	0.552504512635379
121	InceptionResNetV2	False	32	1e-05	0.5	0	InceptionResNetV2_train-False_batch-32_lr-1e-05_dropout-0.5	0.5160455486542442
122	InceptionResNetV2	False	32	1e-05	0.6	0	InceptionResNetV2_train-False_batch-32_lr-1e-05_dropout-0.6	0.5501287001287002
123	InceptionResNetV2	False	32	1e-06	0.4	0	InceptionResNetV2_train-False_batch-32_lr-1e-06_dropout-0.4	0.5002143501805054
124	InceptionResNetV2	False	32	1e-06	0.5	0	InceptionResNetV2_train-False_batch-32_lr-1e-06_dropout-0.5	0.5721887155281675
125	InceptionResNetV2	False	32	1e-06	0.6	0	InceptionResNetV2_train-False_batch-32_lr-1e-06_dropout-0.6	0.5767770952172004
126	InceptionResNetV2	False	64	0.0001	0.4	0	InceptionResNetV2_train-False_batch-64_lr-0.0001_dropout-0.4	0.5125637613661566
127	InceptionResNetV2	False	64	0.0001	0.5	0	InceptionResNetV2_train-False_batch-64_lr-0.0001_dropout-0.5	0.5069875776397516
128	InceptionResNetV2	False	64	0.0001	0.6	0	InceptionResNetV2_train-False_batch-64_lr-0.0001_dropout-0.6	0.5086203036138104
129	InceptionResNetV2	False	64	1e-05	0.4	0	InceptionResNetV2_train-False_batch-64_lr-1e-05_dropout-0.4	0.620314253647587
130	InceptionResNetV2	False	64	1e-05	0.5	0	InceptionResNetV2_train-False_batch-64_lr-1e-05_dropout-0.5	0.5493277048155097
131	InceptionResNetV2	False	64	1e-05	0.6	0	InceptionResNetV2_train-False_batch-64_lr-1e-05_dropout-0.6	0.5718462823725982
132	InceptionResNetV2	False	64	1e-06	0.4	0	InceptionResNetV2_train-False_batch-64_lr-1e-06_dropout-0.4	0.525107811319077
133	InceptionResNetV2	False	64	1e-06	0.5	0	InceptionResNetV2_train-False_batch-64_lr-1e-06_dropout-0.5	0.5352324007220216
134	InceptionResNetV2	False	64	1e-06	0.6	0	InceptionResNetV2_train-False_batch-64_lr-1e-06_dropout-0.6	0.4705797359178411
135	InceptionResNetV2	True	16	0.0001	0.4	0	InceptionResNetV2_train-True_batch-16_lr-0.0001_dropout-0.4	0.5103275869870142
136	InceptionResNetV2	True	16	0.0001	0.5	0	InceptionResNetV2_train-True_batch-16_lr-0.0001_dropout-0.5	0.5415151515151515
137	InceptionResNetV2	True	16	0.0001	0.6	0	InceptionResNetV2_train-True_batch-16_lr-0.0001_dropout-0.6	0.5087093153759821
138	InceptionResNetV2	True	16	1e-05	0.4	0	InceptionResNetV2_train-True_batch-16_lr-1e-05_dropout-0.4	0.5014365881032548
139	InceptionResNetV2	True	16	1e-05	0.5	0	InceptionResNetV2_train-True_batch-16_lr-1e-05_dropout-0.5	0.5841520623119136
140	InceptionResNetV2	True	16	1e-05	0.6	0	InceptionResNetV2_train-True_batch-16_lr-1e-05_dropout-0.6	0.577270732777534
141	InceptionResNetV2	True	16	1e-06	0.4	0	InceptionResNetV2_train-True_batch-16_lr-1e-06_dropout-0.4	0.5305817305623682
142	InceptionResNetV2	True	16	1e-06	0.5	0	InceptionResNetV2_train-True_batch-16_lr-1e-06_dropout-0.5	0.5499307602966139
143	InceptionResNetV2	True	16	1e-06	0.6	0	InceptionResNetV2_train-True_batch-16_lr-1e-06_dropout-0.6	0.5360833887779995
144	InceptionResNetV2	True	32	0.0001	0.4	0	InceptionResNetV2_train-True_batch-32_lr-0.0001_dropout-0.4	0.5617883528900478
145	InceptionResNetV2	True	32	0.0001	0.5	0	InceptionResNetV2_train-True_batch-32_lr-0.0001_dropout-0.5	0.5185343317568751
146	InceptionResNetV2	True	32	0.0001	0.6	0	InceptionResNetV2_train-True_batch-32_lr-0.0001_dropout-0.6	0.519433635970601
147	InceptionResNetV2	True	32	1e-05	0.4	0	InceptionResNetV2_train-True_batch-32_lr-1e-05_dropout-0.4	0.5697577276524645
148	InceptionResNetV2	True	32	1e-05	0.5	0	InceptionResNetV2_train-True_batch-32_lr-1e-05_dropout-0.5	0.6033321823204421
149	InceptionResNetV2	True	32	1e-05	0.6	0	InceptionResNetV2_train-True_batch-32_lr-1e-05_dropout-0.6	0.5611364624076489
150	InceptionResNetV2	True	32	1e-06	0.4	0	InceptionResNetV2_train-True_batch-32_lr-1e-06_dropout-0.4	0.5280159702372851
151	InceptionResNetV2	True	32	1e-06	0.5	0	InceptionResNetV2_train-True_batch-32_lr-1e-06_dropout-0.5	0.5102768456375839
152	InceptionResNetV2	True	32	1e-06	0.6	0	InceptionResNetV2_train-True_batch-32_lr-1e-06_dropout-0.6	0.5170454545454546
153	InceptionResNetV2	True	64	0.0001	0.4	0	InceptionResNetV2_train-True_batch-64_lr-0.0001_dropout-0.4	0.4994178496260803
154	InceptionResNetV2	True	64	0.0001	0.5	0	InceptionResNetV2_train-True_batch-64_lr-0.0001_dropout-0.5	0.5118592450984751
155	InceptionResNetV2	True	64	0.0001	0.6	0	InceptionResNetV2_train-True_batch-64_lr-0.0001_dropout-0.6	0.5765931372549019
156	InceptionResNetV2	True	64	1e-05	0.4	0	InceptionResNetV2_train-True_batch-64_lr-1e-05_dropout-0.4	0.6013501410595137
157	InceptionResNetV2	True	64	1e-05	0.5	0	InceptionResNetV2_train-True_batch-64_lr-1e-05_dropout-0.5	0.511249227236598
158	InceptionResNetV2	True	64	1e-05	0.6	0	InceptionResNetV2_train-True_batch-64_lr-1e-05_dropout-0.6	0.5879281537176274
159	InceptionResNetV2	True	64	1e-06	0.4	0	InceptionResNetV2_train-True_batch-64_lr-1e-06_dropout-0.4	0.6002896613190731
160	InceptionResNetV2	True	64	1e-06	0.5	0	InceptionResNetV2_train-True_batch-64_lr-1e-06_dropout-0.5	0.5113959180105765
161	InceptionResNetV2	True	64	1e-06	0.6	0	InceptionResNetV2_train-True_batch-64_lr-1e-06_dropout-0.6	0.4946039138417447
162	VGG16	False	16	0.0001	0.4	1	VGG16_train-False_batch-16_lr-0.0001_dropout-0.4	0.5855067642492793
163	VGG16	False	16	0.0001	0.5	1	VGG16_train-False_batch-16_lr-0.0001_dropout-0.5	0.5711981046931408
164	VGG16	False	16	0.0001	0.6	1	VGG16_train-False_batch-16_lr-0.0001_dropout-0.6	0.6364799791766084
165	VGG16	False	16	1e-05	0.4	1	VGG16_train-False_batch-16_lr-1e-05_dropout-0.4	0.5269423558897243
166	VGG16	False	16	1e-05	0.5	1	VGG16_train-False_batch-16_lr-1e-05_dropout-0.5	0.6013146167557932
167	VGG16	False	16	1e-05	0.6	1	VGG16_train-False_batch-16_lr-1e-05_dropout-0.6	0.5
168	VGG16	False	16	1e-06	0.4	1	VGG16_train-False_batch-16_lr-1e-06_dropout-0.4	0.5100608688036434
169	VGG16	False	16	1e-06	0.5	1	VGG16_train-False_batch-16_lr-1e-06_dropout-0.5	0.5283789656671013
170	VGG16	False	16	1e-06	0.6	1	VGG16_train-False_batch-16_lr-1e-06_dropout-0.6	0.5143402808442992
171	VGG16	False	32	0.0001	0.4	1	VGG16_train-False_batch-32_lr-0.0001_dropout-0.4	0.5527128218602206
172	VGG16	False	32	0.0001	0.5	1	VGG16_train-False_batch-32_lr-0.0001_dropout-0.5	0.5787184910220995
173	VGG16	False	32	0.0001	0.6	1	VGG16_train-False_batch-32_lr-0.0001_dropout-0.6	0.6262082027168234
174	VGG16	False	32	1e-05	0.4	1	VGG16_train-False_batch-32_lr-1e-05_dropout-0.4	0.6497038174637999
175	VGG16	False	32	1e-05	0.5	1	VGG16_train-False_batch-32_lr-1e-05_dropout-0.5	0.5558603216567526
176	VGG16	False	32	1e-05	0.6	1	VGG16_train-False_batch-32_lr-1e-05_dropout-0.6	0.5931621478406782
177	VGG16	False	32	1e-06	0.4	1	VGG16_train-False_batch-32_lr-1e-06_dropout-0.4	0.5513697114533546
178	VGG16	False	32	1e-06	0.5	1	VGG16_train-False_batch-32_lr-1e-06_dropout-0.5	0.5498749218261413
179	VGG16	False	32	1e-06	0.6	1	VGG16_train-False_batch-32_lr-1e-06_dropout-0.6	0.5013989990900819
180	VGG16	False	64	0.0001	0.4	1	VGG16_train-False_batch-64_lr-0.0001_dropout-0.4	0.5851859523151983
181	VGG16	False	64	0.0001	0.5	1	VGG16_train-False_batch-64_lr-0.0001_dropout-0.5	0.6139071132596685
182	VGG16	False	64	0.0001	0.6	1	VGG16_train-False_batch-64_lr-0.0001_dropout-0.6	0.5328001398540274
183	VGG16	False	64	1e-05	0.4	1	VGG16_train-False_batch-64_lr-1e-05_dropout-0.4	0.5760854998659877
184	VGG16	False	64	1e-05	0.5	1	VGG16_train-False_batch-64_lr-1e-05_dropout-0.5	0.5413236856080722
185	VGG16	False	64	1e-05	0.6	1	VGG16_train-False_batch-64_lr-1e-05_dropout-0.6	0.566610962566845
186	VGG16	False	64	1e-06	0.4	1	VGG16_train-False_batch-64_lr-1e-06_dropout-0.4	0.561131506490101
187	VGG16	False	64	1e-06	0.5	1	VGG16_train-False_batch-64_lr-1e-06_dropout-0.5	0.5066217732884399
188	VGG16	False	64	1e-06	0.6	1	VGG16_train-False_batch-64_lr-1e-06_dropout-0.6	0.504937837203847
189	VGG16	True	16	0.0001	0.4	1	VGG16_train-True_batch-16_lr-0.0001_dropout-0.4	0.5
190	VGG16	True	16	0.0001	0.5	1	VGG16_train-True_batch-16_lr-0.0001_dropout-0.5	0.5
191	VGG16	True	16	0.0001	0.6	1	VGG16_train-True_batch-16_lr-0.0001_dropout-0.6	0.5
192	VGG16	True	16	1e-05	0.4	1	VGG16_train-True_batch-16_lr-1e-05_dropout-0.4	0.5940510597302505
193	VGG16	True	16	1e-05	0.5	1	VGG16_train-True_batch-16_lr-1e-05_dropout-0.5	0.6116001050972149
194	VGG16	True	16	1e-05	0.6	1	VGG16_train-True_batch-16_lr-1e-05_dropout-0.6	0.6307375222816399
195	VGG16	True	16	1e-06	0.4	1	VGG16_train-True_batch-16_lr-1e-06_dropout-0.4	0.5039271610355419
196	VGG16	True	16	1e-06	0.5	1	VGG16_train-True_batch-16_lr-1e-06_dropout-0.5	0.6309380570409981
197	VGG16	True	16	1e-06	0.6	1	VGG16_train-True_batch-16_lr-1e-06_dropout-0.6	0.5923241030999652
198	VGG16	True	32	0.0001	0.4	1	VGG16_train-True_batch-32_lr-0.0001_dropout-0.4	0.5
199	VGG16	True	32	0.0001	0.5	1	VGG16_train-True_batch-32_lr-0.0001_dropout-0.5	0.5619204274485561
200	VGG16	True	32	0.0001	0.6	1	VGG16_train-True_batch-32_lr-0.0001_dropout-0.6	0.5
201	VGG16	True	32	1e-05	0.4	1	VGG16_train-True_batch-32_lr-1e-05_dropout-0.4	0.6120942679558011
202	VGG16	True	32	1e-05	0.5	1	VGG16_train-True_batch-32_lr-1e-05_dropout-0.5	0.5755076714801444
203	VGG16	True	32	1e-05	0.6	1	VGG16_train-True_batch-32_lr-1e-05_dropout-0.6	0.5002088554720134
204	VGG16	True	32	1e-06	0.4	1	VGG16_train-True_batch-32_lr-1e-06_dropout-0.4	0.5993773734875916
205	VGG16	True	32	1e-06	0.5	1	VGG16_train-True_batch-32_lr-1e-06_dropout-0.5	0.5
206	VGG16	True	32	1e-06	0.6	1	VGG16_train-True_batch-32_lr-1e-06_dropout-0.6	0.5
207	VGG16	True	64	0.0001	0.4	1	VGG16_train-True_batch-64_lr-0.0001_dropout-0.4	0.5
208	VGG16	True	64	0.0001	0.5	1	VGG16_train-True_batch-64_lr-0.0001_dropout-0.5	0.5
209	VGG16	True	64	0.0001	0.6	1	VGG16_train-True_batch-64_lr-0.0001_dropout-0.6	0.5
210	VGG16	True	64	1e-05	0.4	1	VGG16_train-True_batch-64_lr-1e-05_dropout-0.4	0.6377978245856354
211	VGG16	True	64	1e-05	0.5	1	VGG16_train-True_batch-64_lr-1e-05_dropout-0.5	0.5809992852675779
212	VGG16	True	64	1e-05	0.6	1	VGG16_train-True_batch-64_lr-1e-05_dropout-0.6	0.5920763187429854
213	VGG16	True	64	1e-06	0.4	1	VGG16_train-True_batch-64_lr-1e-06_dropout-0.4	0.5574245428508482
214	VGG16	True	64	1e-06	0.5	1	VGG16_train-True_batch-64_lr-1e-06_dropout-0.5	0.6064568950256684
215	VGG16	True	64	1e-06	0.6	1	VGG16_train-True_batch-64_lr-1e-06_dropout-0.6	0.49859956430889607
216	MobileNetV2	False	16	0.0001	0.4	1	MobileNetV2_train-False_batch-16_lr-0.0001_dropout-0.4	0.6644084600132187
217	MobileNetV2	False	16	0.0001	0.5	1	MobileNetV2_train-False_batch-16_lr-0.0001_dropout-0.5	0.6999240596801573
218	MobileNetV2	False	16	0.0001	0.6	1	MobileNetV2_train-False_batch-16_lr-0.0001_dropout-0.6	0.5618259832040751
219	MobileNetV2	False	16	1e-05	0.4	1	MobileNetV2_train-False_batch-16_lr-1e-05_dropout-0.4	0.5929420665801989
220	MobileNetV2	False	16	1e-05	0.5	1	MobileNetV2_train-False_batch-16_lr-1e-05_dropout-0.5	0.7050960735171261
221	MobileNetV2	False	16	1e-05	0.6	1	MobileNetV2_train-False_batch-16_lr-1e-05_dropout-0.6	0.7017543859649122
222	MobileNetV2	False	16	1e-06	0.4	1	MobileNetV2_train-False_batch-16_lr-1e-06_dropout-0.4	0.6626909675690164
223	MobileNetV2	False	16	1e-06	0.5	1	MobileNetV2_train-False_batch-16_lr-1e-06_dropout-0.5	0.5517825311942959
224	MobileNetV2	False	16	1e-06	0.6	1	MobileNetV2_train-False_batch-16_lr-1e-06_dropout-0.6	0.6060552171786778
225	MobileNetV2	False	32	0.0001	0.4	1	MobileNetV2_train-False_batch-32_lr-0.0001_dropout-0.4	0.621701199563795
226	MobileNetV2	False	32	0.0001	0.5	1	MobileNetV2_train-False_batch-32_lr-0.0001_dropout-0.5	0.5328025477707007
227	MobileNetV2	False	32	0.0001	0.6	1	MobileNetV2_train-False_batch-32_lr-0.0001_dropout-0.6	0.699321004199053
228	MobileNetV2	False	32	1e-05	0.4	1	MobileNetV2_train-False_batch-32_lr-1e-05_dropout-0.4	0.6044929116684842
229	MobileNetV2	False	32	1e-05	0.5	1	MobileNetV2_train-False_batch-32_lr-1e-05_dropout-0.5	0.7653365552072449
230	MobileNetV2	False	32	1e-05	0.6	1	MobileNetV2_train-False_batch-32_lr-1e-05_dropout-0.6	0.5905595946243666
231	MobileNetV2	False	32	1e-06	0.4	1	MobileNetV2_train-False_batch-32_lr-1e-06_dropout-0.4	0.6430956678700361
232	MobileNetV2	False	32	1e-06	0.5	1	MobileNetV2_train-False_batch-32_lr-1e-06_dropout-0.5	0.6127155762387079
233	MobileNetV2	False	32	1e-06	0.6	1	MobileNetV2_train-False_batch-32_lr-1e-06_dropout-0.6	0.5882597652828867
234	MobileNetV2	False	64	0.0001	0.4	1	MobileNetV2_train-False_batch-64_lr-0.0001_dropout-0.4	0.7480896819949668
235	MobileNetV2	False	64	0.0001	0.5	1	MobileNetV2_train-False_batch-64_lr-0.0001_dropout-0.5	0.5651774650380599
236	MobileNetV2	False	64	0.0001	0.6	1	MobileNetV2_train-False_batch-64_lr-0.0001_dropout-0.6	0.5847374738807629
237	MobileNetV2	False	64	1e-05	0.4	1	MobileNetV2_train-False_batch-64_lr-1e-05_dropout-0.4	0.6756090884204764
238	MobileNetV2	False	64	1e-05	0.5	1	MobileNetV2_train-False_batch-64_lr-1e-05_dropout-0.5	0.6307688958551028
239	MobileNetV2	False	64	1e-05	0.6	1	MobileNetV2_train-False_batch-64_lr-1e-05_dropout-0.6	0.6397337545126354
240	MobileNetV2	False	64	1e-06	0.4	1	MobileNetV2_train-False_batch-64_lr-1e-06_dropout-0.4	0.6119285518751711
241	MobileNetV2	False	64	1e-06	0.5	1	MobileNetV2_train-False_batch-64_lr-1e-06_dropout-0.5	0.5920742100432673
242	MobileNetV2	False	64	1e-06	0.6	1	MobileNetV2_train-False_batch-64_lr-1e-06_dropout-0.6	0.5210084953582064
243	MobileNetV2	True	16	0.0001	0.4	1	MobileNetV2_train-True_batch-16_lr-0.0001_dropout-0.4	0.5052083333333334
244	MobileNetV2	True	16	0.0001	0.5	1	MobileNetV2_train-True_batch-16_lr-0.0001_dropout-0.5	0.5
245	MobileNetV2	True	16	0.0001	0.6	1	MobileNetV2_train-True_batch-16_lr-0.0001_dropout-0.6	0.5
246	MobileNetV2	True	16	1e-05	0.4	1	MobileNetV2_train-True_batch-16_lr-1e-05_dropout-0.4	0.5254094412331407
247	MobileNetV2	True	16	1e-05	0.5	1	MobileNetV2_train-True_batch-16_lr-1e-05_dropout-0.5	0.6053916080784559
248	MobileNetV2	True	16	1e-05	0.6	1	MobileNetV2_train-True_batch-16_lr-1e-05_dropout-0.6	0.522765246449457
249	MobileNetV2	True	16	1e-06	0.4	1	MobileNetV2_train-True_batch-16_lr-1e-06_dropout-0.4	0.5463810963410839
250	MobileNetV2	True	16	1e-06	0.5	1	MobileNetV2_train-True_batch-16_lr-1e-06_dropout-0.5	0.5275689223057645
251	MobileNetV2	True	16	1e-06	0.6	1	MobileNetV2_train-True_batch-16_lr-1e-06_dropout-0.6	0.5552124338265237
252	MobileNetV2	True	32	0.0001	0.4	1	MobileNetV2_train-True_batch-32_lr-0.0001_dropout-0.4	0.5020703933747412
253	MobileNetV2	True	32	0.0001	0.5	1	MobileNetV2_train-True_batch-32_lr-0.0001_dropout-0.5	0.5852902583593502
254	MobileNetV2	True	32	0.0001	0.6	1	MobileNetV2_train-True_batch-32_lr-0.0001_dropout-0.6	0.5
255	MobileNetV2	True	32	1e-05	0.4	1	MobileNetV2_train-True_batch-32_lr-1e-05_dropout-0.4	0.5510700389105059
256	MobileNetV2	True	32	1e-05	0.5	1	MobileNetV2_train-True_batch-32_lr-1e-05_dropout-0.5	0.5242397292959091
257	MobileNetV2	True	32	1e-05	0.6	1	MobileNetV2_train-True_batch-32_lr-1e-05_dropout-0.6	0.6019304152637486
258	MobileNetV2	True	32	1e-06	0.4	1	MobileNetV2_train-True_batch-32_lr-1e-06_dropout-0.4	0.5175809649702577
259	MobileNetV2	True	32	1e-06	0.5	1	MobileNetV2_train-True_batch-32_lr-1e-06_dropout-0.5	0.5510492153114303
260	MobileNetV2	True	32	1e-06	0.6	1	MobileNetV2_train-True_batch-32_lr-1e-06_dropout-0.6	0.5320899436213452
261	MobileNetV2	True	64	0.0001	0.4	1	MobileNetV2_train-True_batch-64_lr-0.0001_dropout-0.4	0.5146884598508118
262	MobileNetV2	True	64	0.0001	0.5	1	MobileNetV2_train-True_batch-64_lr-0.0001_dropout-0.5	0.5050729517396184
263	MobileNetV2	True	64	0.0001	0.6	1	MobileNetV2_train-True_batch-64_lr-0.0001_dropout-0.6	0.5359599749843652
264	MobileNetV2	True	64	1e-05	0.4	1	MobileNetV2_train-True_batch-64_lr-1e-05_dropout-0.4	0.5433664259927797
265	MobileNetV2	True	64	1e-05	0.5	1	MobileNetV2_train-True_batch-64_lr-1e-05_dropout-0.5	0.5219979296066253
266	MobileNetV2	True	64	1e-05	0.6	1	MobileNetV2_train-True_batch-64_lr-1e-05_dropout-0.6	0.5554980208045659
267	MobileNetV2	True	64	1e-06	0.4	1	MobileNetV2_train-True_batch-64_lr-1e-06_dropout-0.4	0.45052899686520376
268	MobileNetV2	True	64	1e-06	0.5	1	MobileNetV2_train-True_batch-64_lr-1e-06_dropout-0.5	0.5236006683375105
269	MobileNetV2	True	64	1e-06	0.6	1	MobileNetV2_train-True_batch-64_lr-1e-06_dropout-0.6	0.5536067193675889
270	InceptionResNetV2	False	16	0.0001	0.4	1	InceptionResNetV2_train-False_batch-16_lr-0.0001_dropout-0.4	0.5767608966911923
271	InceptionResNetV2	False	16	0.0001	0.5	1	InceptionResNetV2_train-False_batch-16_lr-0.0001_dropout-0.5	0.592786805616886
272	InceptionResNetV2	False	16	0.0001	0.6	1	InceptionResNetV2_train-False_batch-16_lr-0.0001_dropout-0.6	0.5286683904330963
273	InceptionResNetV2	False	16	1e-05	0.4	1	InceptionResNetV2_train-False_batch-16_lr-1e-05_dropout-0.4	0.5991877256317689
274	InceptionResNetV2	False	16	1e-05	0.5	1	InceptionResNetV2_train-False_batch-16_lr-1e-05_dropout-0.5	0.5133951040951727
275	InceptionResNetV2	False	16	1e-05	0.6	1	InceptionResNetV2_train-False_batch-16_lr-1e-05_dropout-0.6	0.5558155965733462
276	InceptionResNetV2	False	16	1e-06	0.4	1	InceptionResNetV2_train-False_batch-16_lr-1e-06_dropout-0.4	0.5057258873984852
277	InceptionResNetV2	False	16	1e-06	0.5	1	InceptionResNetV2_train-False_batch-16_lr-1e-06_dropout-0.5	0.5424285963079066
278	InceptionResNetV2	False	16	1e-06	0.6	1	InceptionResNetV2_train-False_batch-16_lr-1e-06_dropout-0.6	0.543513537545014
279	InceptionResNetV2	False	32	0.0001	0.4	1	InceptionResNetV2_train-False_batch-32_lr-0.0001_dropout-0.4	0.5801464332094397
280	InceptionResNetV2	False	32	0.0001	0.5	1	InceptionResNetV2_train-False_batch-32_lr-0.0001_dropout-0.5	0.5229885057471264
281	InceptionResNetV2	False	32	0.0001	0.6	1	InceptionResNetV2_train-False_batch-32_lr-0.0001_dropout-0.6	0.5945658501634499
282	InceptionResNetV2	False	32	1e-05	0.4	1	InceptionResNetV2_train-False_batch-32_lr-1e-05_dropout-0.4	0.5249338423495727
283	InceptionResNetV2	False	32	1e-05	0.5	1	InceptionResNetV2_train-False_batch-32_lr-1e-05_dropout-0.5	0.5372361564956284
284	InceptionResNetV2	False	32	1e-05	0.6	1	InceptionResNetV2_train-False_batch-32_lr-1e-05_dropout-0.6	0.5795173961840628
285	InceptionResNetV2	False	32	1e-06	0.4	1	InceptionResNetV2_train-False_batch-32_lr-1e-06_dropout-0.4	0.5239603533721181
286	InceptionResNetV2	False	32	1e-06	0.5	1	InceptionResNetV2_train-False_batch-32_lr-1e-06_dropout-0.5	0.5701871657754011
287	InceptionResNetV2	False	32	1e-06	0.6	1	InceptionResNetV2_train-False_batch-32_lr-1e-06_dropout-0.6	0.6029209087271596
288	InceptionResNetV2	False	64	0.0001	0.4	1	InceptionResNetV2_train-False_batch-64_lr-0.0001_dropout-0.4	0.5321352652813327
289	InceptionResNetV2	False	64	0.0001	0.5	1	InceptionResNetV2_train-False_batch-64_lr-0.0001_dropout-0.5	0.5121133315083494
290	InceptionResNetV2	False	64	0.0001	0.6	1	InceptionResNetV2_train-False_batch-64_lr-0.0001_dropout-0.6	0.5111167535105537
291	InceptionResNetV2	False	64	1e-05	0.4	1	InceptionResNetV2_train-False_batch-64_lr-1e-05_dropout-0.4	0.5979498364231188
292	InceptionResNetV2	False	64	1e-05	0.5	1	InceptionResNetV2_train-False_batch-64_lr-1e-05_dropout-0.5	0.5847701149425287
293	InceptionResNetV2	False	64	1e-05	0.6	1	InceptionResNetV2_train-False_batch-64_lr-1e-05_dropout-0.6	0.5218734717467657
294	InceptionResNetV2	False	64	1e-06	0.4	1	InceptionResNetV2_train-False_batch-64_lr-1e-06_dropout-0.4	0.5528411584028082
295	InceptionResNetV2	False	64	1e-06	0.5	1	InceptionResNetV2_train-False_batch-64_lr-1e-06_dropout-0.5	0.4895977209944751
296	InceptionResNetV2	False	64	1e-06	0.6	1	InceptionResNetV2_train-False_batch-64_lr-1e-06_dropout-0.6	0.5540525858322469
297	InceptionResNetV2	True	16	0.0001	0.4	1	InceptionResNetV2_train-True_batch-16_lr-0.0001_dropout-0.4	0.5279508556384379
298	InceptionResNetV2	True	16	0.0001	0.5	1	InceptionResNetV2_train-True_batch-16_lr-0.0001_dropout-0.5	0.6614452798663325
299	InceptionResNetV2	True	16	0.0001	0.6	1	InceptionResNetV2_train-True_batch-16_lr-0.0001_dropout-0.6	0.5400344753285929
300	InceptionResNetV2	True	16	1e-05	0.4	1	InceptionResNetV2_train-True_batch-16_lr-1e-05_dropout-0.4	0.5461586121437423
301	InceptionResNetV2	True	16	1e-05	0.5	1	InceptionResNetV2_train-True_batch-16_lr-1e-05_dropout-0.5	0.6417223707664884
302	InceptionResNetV2	True	16	1e-05	0.6	1	InceptionResNetV2_train-True_batch-16_lr-1e-05_dropout-0.6	0.6289525691699605
303	InceptionResNetV2	True	16	1e-06	0.4	1	InceptionResNetV2_train-True_batch-16_lr-1e-06_dropout-0.4	0.571612330893768
304	InceptionResNetV2	True	16	1e-06	0.5	1	InceptionResNetV2_train-True_batch-16_lr-1e-06_dropout-0.5	0.5381317587439483
305	InceptionResNetV2	True	16	1e-06	0.6	1	InceptionResNetV2_train-True_batch-16_lr-1e-06_dropout-0.6	0.5831550802139037
306	InceptionResNetV2	True	32	0.0001	0.4	1	InceptionResNetV2_train-True_batch-32_lr-0.0001_dropout-0.4	0.5653203218779176
307	InceptionResNetV2	True	32	0.0001	0.5	1	InceptionResNetV2_train-True_batch-32_lr-0.0001_dropout-0.5	0.6588040934330687
308	InceptionResNetV2	True	32	0.0001	0.6	1	InceptionResNetV2_train-True_batch-32_lr-0.0001_dropout-0.6	0.5
309	InceptionResNetV2	True	32	1e-05	0.4	1	InceptionResNetV2_train-True_batch-32_lr-1e-05_dropout-0.4	0.7189152572002973
310	InceptionResNetV2	True	32	1e-05	0.5	1	InceptionResNetV2_train-True_batch-32_lr-1e-05_dropout-0.5	0.6483969465648856
311	InceptionResNetV2	True	32	1e-05	0.6	1	InceptionResNetV2_train-True_batch-32_lr-1e-05_dropout-0.6	0.6168062123118303
312	InceptionResNetV2	True	32	1e-06	0.4	1	InceptionResNetV2_train-True_batch-32_lr-1e-06_dropout-0.4	0.5687134502923976
313	InceptionResNetV2	True	32	1e-06	0.5	1	InceptionResNetV2_train-True_batch-32_lr-1e-06_dropout-0.5	0.5203439597315436
314	InceptionResNetV2	True	32	1e-06	0.6	1	InceptionResNetV2_train-True_batch-32_lr-1e-06_dropout-0.6	0.5072991877256318
315	InceptionResNetV2	True	64	0.0001	0.4	1	InceptionResNetV2_train-True_batch-64_lr-0.0001_dropout-0.4	0.5205882352941177
316	InceptionResNetV2	True	64	0.0001	0.5	1	InceptionResNetV2_train-True_batch-64_lr-0.0001_dropout-0.5	0.5565423528878001
317	InceptionResNetV2	True	64	0.0001	0.6	1	InceptionResNetV2_train-True_batch-64_lr-0.0001_dropout-0.6	0.6552047586364677
318	InceptionResNetV2	True	64	1e-05	0.4	1	InceptionResNetV2_train-True_batch-64_lr-1e-05_dropout-0.4	0.6082834331337326
319	InceptionResNetV2	True	64	1e-05	0.5	1	InceptionResNetV2_train-True_batch-64_lr-1e-05_dropout-0.5	0.5027027027027027
320	InceptionResNetV2	True	64	1e-05	0.6	1	InceptionResNetV2_train-True_batch-64_lr-1e-05_dropout-0.6	0.5898950131233596
321	InceptionResNetV2	True	64	1e-06	0.4	1	InceptionResNetV2_train-True_batch-64_lr-1e-06_dropout-0.4	0.6036750272628135
322	InceptionResNetV2	True	64	1e-06	0.5	1	InceptionResNetV2_train-True_batch-64_lr-1e-06_dropout-0.5	0.4782661379158405
323	InceptionResNetV2	True	64	1e-06	0.6	1	InceptionResNetV2_train-True_batch-64_lr-1e-06_dropout-0.6	0.5124177270732777
324	VGG16	False	16	0.0001	0.4	2	VGG16_train-False_batch-16_lr-0.0001_dropout-0.4	0.5908680326063009
325	VGG16	False	16	0.0001	0.5	2	VGG16_train-False_batch-16_lr-0.0001_dropout-0.5	0.5846957920128653
326	VGG16	False	16	0.0001	0.6	2	VGG16_train-False_batch-16_lr-0.0001_dropout-0.6	0.5675716440422323
327	VGG16	False	16	1e-05	0.4	2	VGG16_train-False_batch-16_lr-1e-05_dropout-0.4	0.5982463407898371
328	VGG16	False	16	1e-05	0.5	2	VGG16_train-False_batch-16_lr-1e-05_dropout-0.5	0.6494697355624508
329	VGG16	False	16	1e-05	0.6	2	VGG16_train-False_batch-16_lr-1e-05_dropout-0.6	0.5587887545980031
330	VGG16	False	16	1e-06	0.4	2	VGG16_train-False_batch-16_lr-1e-06_dropout-0.4	0.5252827677977379
331	VGG16	False	16	1e-06	0.5	2	VGG16_train-False_batch-16_lr-1e-06_dropout-0.5	0.5682681308625028
332	VGG16	False	16	1e-06	0.6	2	VGG16_train-False_batch-16_lr-1e-06_dropout-0.6	0.5109555079067274
333	VGG16	False	32	0.0001	0.4	2	VGG16_train-False_batch-32_lr-0.0001_dropout-0.4	0.5462309397764807
334	VGG16	False	32	0.0001	0.5	2	VGG16_train-False_batch-32_lr-0.0001_dropout-0.5	0.5785426624181271
335	VGG16	False	32	0.0001	0.6	2	VGG16_train-False_batch-32_lr-0.0001_dropout-0.6	0.6747794545698804
336	VGG16	False	32	1e-05	0.4	2	VGG16_train-False_batch-32_lr-1e-05_dropout-0.4	0.6094029981207114
337	VGG16	False	32	1e-05	0.5	2	VGG16_train-False_batch-32_lr-1e-05_dropout-0.5	0.6293016082837629
338	VGG16	False	32	1e-05	0.6	2	VGG16_train-False_batch-32_lr-1e-05_dropout-0.6	0.6977225672877847
339	VGG16	False	32	1e-06	0.4	2	VGG16_train-False_batch-32_lr-1e-06_dropout-0.4	0.5913852407754847
340	VGG16	False	32	1e-06	0.5	2	VGG16_train-False_batch-32_lr-1e-06_dropout-0.5	0.5804362194315928
341	VGG16	False	32	1e-06	0.6	2	VGG16_train-False_batch-32_lr-1e-06_dropout-0.6	0.5077005577005577
342	VGG16	False	64	0.0001	0.4	2	VGG16_train-False_batch-64_lr-0.0001_dropout-0.4	0.6503510311540149
343	VGG16	False	64	0.0001	0.5	2	VGG16_train-False_batch-64_lr-0.0001_dropout-0.5	0.5869395622045799
344	VGG16	False	64	0.0001	0.6	2	VGG16_train-False_batch-64_lr-0.0001_dropout-0.6	0.6129554655870445
345	VGG16	False	64	1e-05	0.4	2	VGG16_train-False_batch-64_lr-1e-05_dropout-0.4	0.6266104626026805
346	VGG16	False	64	1e-05	0.5	2	VGG16_train-False_batch-64_lr-1e-05_dropout-0.5	0.6144133730493931
347	VGG16	False	64	1e-05	0.6	2	VGG16_train-False_batch-64_lr-1e-05_dropout-0.6	0.6114029180695848
348	VGG16	False	64	1e-06	0.4	2	VGG16_train-False_batch-64_lr-1e-06_dropout-0.4	0.5372632324305187
349	VGG16	False	64	1e-06	0.5	2	VGG16_train-False_batch-64_lr-1e-06_dropout-0.5	0.5364887590724021
350	VGG16	False	64	1e-06	0.6	2	VGG16_train-False_batch-64_lr-1e-06_dropout-0.6	0.5152327347449298
351	VGG16	True	16	0.0001	0.4	2	VGG16_train-True_batch-16_lr-0.0001_dropout-0.4	0.5115396530359356
352	VGG16	True	16	0.0001	0.5	2	VGG16_train-True_batch-16_lr-0.0001_dropout-0.5	0.5
353	VGG16	True	16	0.0001	0.6	2	VGG16_train-True_batch-16_lr-0.0001_dropout-0.6	0.5
354	VGG16	True	16	1e-05	0.4	2	VGG16_train-True_batch-16_lr-1e-05_dropout-0.4	0.5594696635167358
355	VGG16	True	16	1e-05	0.5	2	VGG16_train-True_batch-16_lr-1e-05_dropout-0.5	0.7165799799251756
356	VGG16	True	16	1e-05	0.6	2	VGG16_train-True_batch-16_lr-1e-05_dropout-0.6	0.6539259927797834
357	VGG16	True	16	1e-06	0.4	2	VGG16_train-True_batch-16_lr-1e-06_dropout-0.4	0.6040372670807453
358	VGG16	True	16	1e-06	0.5	2	VGG16_train-True_batch-16_lr-1e-06_dropout-0.5	0.6139483065953655
359	VGG16	True	16	1e-06	0.6	2	VGG16_train-True_batch-16_lr-1e-06_dropout-0.6	0.624139037433155
360	VGG16	True	32	0.0001	0.4	2	VGG16_train-True_batch-32_lr-0.0001_dropout-0.4	0.5
361	VGG16	True	32	0.0001	0.5	2	VGG16_train-True_batch-32_lr-0.0001_dropout-0.5	0.571715296961326
362	VGG16	True	32	0.0001	0.6	2	VGG16_train-True_batch-32_lr-0.0001_dropout-0.6	0.5
363	VGG16	True	32	1e-05	0.4	2	VGG16_train-True_batch-32_lr-1e-05_dropout-0.4	0.7802244668911336
364	VGG16	True	32	1e-05	0.5	2	VGG16_train-True_batch-32_lr-1e-05_dropout-0.5	0.5410226971650622
365	VGG16	True	32	1e-05	0.6	2	VGG16_train-True_batch-32_lr-1e-05_dropout-0.6	0.6624299351900509
366	VGG16	True	32	1e-06	0.4	2	VGG16_train-True_batch-32_lr-1e-06_dropout-0.4	0.6489533545760311
367	VGG16	True	32	1e-06	0.5	2	VGG16_train-True_batch-32_lr-1e-06_dropout-0.5	0.4981684981684982
368	VGG16	True	32	1e-06	0.6	2	VGG16_train-True_batch-32_lr-1e-06_dropout-0.6	0.565476977307777
369	VGG16	True	64	0.0001	0.4	2	VGG16_train-True_batch-64_lr-0.0001_dropout-0.4	0.5
370	VGG16	True	64	0.0001	0.5	2	VGG16_train-True_batch-64_lr-0.0001_dropout-0.5	0.5
371	VGG16	True	64	0.0001	0.6	2	VGG16_train-True_batch-64_lr-0.0001_dropout-0.6	0.6060149200393103
372	VGG16	True	64	1e-05	0.4	2	VGG16_train-True_batch-64_lr-1e-05_dropout-0.4	0.7341697320021019
373	VGG16	True	64	1e-05	0.5	2	VGG16_train-True_batch-64_lr-1e-05_dropout-0.5	0.5870826479349132
374	VGG16	True	64	1e-05	0.6	2	VGG16_train-True_batch-64_lr-1e-05_dropout-0.6	0.5443140794223826
375	VGG16	True	64	1e-06	0.4	2	VGG16_train-True_batch-64_lr-1e-06_dropout-0.4	0.5830751964085297
376	VGG16	True	64	1e-06	0.5	2	VGG16_train-True_batch-64_lr-1e-06_dropout-0.5	0.6143483984203598
377	VGG16	True	64	1e-06	0.6	2	VGG16_train-True_batch-64_lr-1e-06_dropout-0.6	0.5
378	MobileNetV2	False	16	0.0001	0.4	2	MobileNetV2_train-False_batch-16_lr-0.0001_dropout-0.4	0.6199092088197147
379	MobileNetV2	False	16	0.0001	0.5	2	MobileNetV2_train-False_batch-16_lr-0.0001_dropout-0.5	0.7280685920577618
380	MobileNetV2	False	16	0.0001	0.6	2	MobileNetV2_train-False_batch-16_lr-0.0001_dropout-0.6	0.7052901174600371
381	MobileNetV2	False	16	1e-05	0.4	2	MobileNetV2_train-False_batch-16_lr-1e-05_dropout-0.4	0.8210135284985585
382	MobileNetV2	False	16	1e-05	0.5	2	MobileNetV2_train-False_batch-16_lr-1e-05_dropout-0.5	0.5593614789563394
383	MobileNetV2	False	16	1e-05	0.6	2	MobileNetV2_train-False_batch-16_lr-1e-05_dropout-0.6	0.7178362573099415
384	MobileNetV2	False	16	1e-06	0.4	2	MobileNetV2_train-False_batch-16_lr-1e-06_dropout-0.4	0.6506072874493927
385	MobileNetV2	False	16	1e-06	0.5	2	MobileNetV2_train-False_batch-16_lr-1e-06_dropout-0.5	0.6420558864358963
386	MobileNetV2	False	16	1e-06	0.6	2	MobileNetV2_train-False_batch-16_lr-1e-06_dropout-0.6	0.5729250424372376
387	MobileNetV2	False	32	0.0001	0.4	2	MobileNetV2_train-False_batch-32_lr-0.0001_dropout-0.4	0.7433616569304302
388	MobileNetV2	False	32	0.0001	0.5	2	MobileNetV2_train-False_batch-32_lr-0.0001_dropout-0.5	0.666031704326502
389	MobileNetV2	False	32	0.0001	0.6	2	MobileNetV2_train-False_batch-32_lr-0.0001_dropout-0.6	0.5370577158871956
390	MobileNetV2	False	32	1e-05	0.4	2	MobileNetV2_train-False_batch-32_lr-1e-05_dropout-0.4	0.7553716608594657
391	MobileNetV2	False	32	1e-05	0.5	2	MobileNetV2_train-False_batch-32_lr-1e-05_dropout-0.5	0.7729071883530483
392	MobileNetV2	False	32	1e-05	0.6	2	MobileNetV2_train-False_batch-32_lr-1e-05_dropout-0.6	0.7960196292257361
393	MobileNetV2	False	32	1e-06	0.4	2	MobileNetV2_train-False_batch-32_lr-1e-06_dropout-0.4	0.7021610555050045
394	MobileNetV2	False	32	1e-06	0.5	2	MobileNetV2_train-False_batch-32_lr-1e-06_dropout-0.5	0.5848629867575719
395	MobileNetV2	False	32	1e-06	0.6	2	MobileNetV2_train-False_batch-32_lr-1e-06_dropout-0.6	0.6302599839185206
396	MobileNetV2	False	64	0.0001	0.4	2	MobileNetV2_train-False_batch-64_lr-0.0001_dropout-0.4	0.7579386867993594
397	MobileNetV2	False	64	0.0001	0.5	2	MobileNetV2_train-False_batch-64_lr-0.0001_dropout-0.5	0.4939433970713358
398	MobileNetV2	False	64	0.0001	0.6	2	MobileNetV2_train-False_batch-64_lr-0.0001_dropout-0.6	0.5021260189469046
399	MobileNetV2	False	64	1e-05	0.4	2	MobileNetV2_train-False_batch-64_lr-1e-05_dropout-0.4	0.686370514483355
400	MobileNetV2	False	64	1e-05	0.5	2	MobileNetV2_train-False_batch-64_lr-1e-05_dropout-0.5	0.6022671156004489
401	MobileNetV2	False	64	1e-05	0.6	2	MobileNetV2_train-False_batch-64_lr-1e-05_dropout-0.6	0.6249160360037616
402	MobileNetV2	False	64	1e-06	0.4	2	MobileNetV2_train-False_batch-64_lr-1e-06_dropout-0.4	0.5922145093235334
403	MobileNetV2	False	64	1e-06	0.5	2	MobileNetV2_train-False_batch-64_lr-1e-06_dropout-0.5	0.5920665801988759
404	MobileNetV2	False	64	1e-06	0.6	2	MobileNetV2_train-False_batch-64_lr-1e-06_dropout-0.6	0.5425144245368965
405	MobileNetV2	True	16	0.0001	0.4	2	MobileNetV2_train-True_batch-16_lr-0.0001_dropout-0.4	0.5
406	MobileNetV2	True	16	0.0001	0.5	2	MobileNetV2_train-True_batch-16_lr-0.0001_dropout-0.5	0.5911457203592035
407	MobileNetV2	True	16	0.0001	0.6	2	MobileNetV2_train-True_batch-16_lr-0.0001_dropout-0.6	0.5
408	MobileNetV2	True	16	1e-05	0.4	2	MobileNetV2_train-True_batch-16_lr-1e-05_dropout-0.4	0.5685496183206107
409	MobileNetV2	True	16	1e-05	0.5	2	MobileNetV2_train-True_batch-16_lr-1e-05_dropout-0.5	0.6302106332244105
410	MobileNetV2	True	16	1e-05	0.6	2	MobileNetV2_train-True_batch-16_lr-1e-05_dropout-0.6	0.5483366600133067
411	MobileNetV2	True	16	1e-06	0.4	2	MobileNetV2_train-True_batch-16_lr-1e-06_dropout-0.4	0.5713286863732198
412	MobileNetV2	True	16	1e-06	0.5	2	MobileNetV2_train-True_batch-16_lr-1e-06_dropout-0.5	0.532319639061212
413	MobileNetV2	True	16	1e-06	0.6	2	MobileNetV2_train-True_batch-16_lr-1e-06_dropout-0.6	0.5735115167318557
414	MobileNetV2	True	32	0.0001	0.4	2	MobileNetV2_train-True_batch-32_lr-0.0001_dropout-0.4	0.5072152456488213
415	MobileNetV2	True	32	0.0001	0.5	2	MobileNetV2_train-True_batch-32_lr-0.0001_dropout-0.5	0.5
416	MobileNetV2	True	32	0.0001	0.6	2	MobileNetV2_train-True_batch-32_lr-0.0001_dropout-0.6	0.5
417	MobileNetV2	True	32	1e-05	0.4	2	MobileNetV2_train-True_batch-32_lr-1e-05_dropout-0.4	0.5814079422382672
418	MobileNetV2	True	32	1e-05	0.5	2	MobileNetV2_train-True_batch-32_lr-1e-05_dropout-0.5	0.49665831244778613
419	MobileNetV2	True	32	1e-05	0.6	2	MobileNetV2_train-True_batch-32_lr-1e-05_dropout-0.6	0.5874403815580286
420	MobileNetV2	True	32	1e-06	0.4	2	MobileNetV2_train-True_batch-32_lr-1e-06_dropout-0.4	0.51319520174482
421	MobileNetV2	True	32	1e-06	0.5	2	MobileNetV2_train-True_batch-32_lr-1e-06_dropout-0.5	0.5591839833412867
422	MobileNetV2	True	32	1e-06	0.6	2	MobileNetV2_train-True_batch-32_lr-1e-06_dropout-0.6	0.548047389205792
423	MobileNetV2	True	64	0.0001	0.4	2	MobileNetV2_train-True_batch-64_lr-0.0001_dropout-0.4	0.5201586469122853
424	MobileNetV2	True	64	0.0001	0.5	2	MobileNetV2_train-True_batch-64_lr-0.0001_dropout-0.5	0.5101839399592208
425	MobileNetV2	True	64	0.0001	0.6	2	MobileNetV2_train-True_batch-64_lr-0.0001_dropout-0.6	0.5266688844533156
426	MobileNetV2	True	64	1e-05	0.4	2	MobileNetV2_train-True_batch-64_lr-1e-05_dropout-0.4	0.5020022093344381
427	MobileNetV2	True	64	1e-05	0.5	2	MobileNetV2_train-True_batch-64_lr-1e-05_dropout-0.5	0.5453216374269005
428	MobileNetV2	True	64	1e-05	0.6	2	MobileNetV2_train-True_batch-64_lr-1e-05_dropout-0.6	0.5569184491978609
429	MobileNetV2	True	64	1e-06	0.4	2	MobileNetV2_train-True_batch-64_lr-1e-06_dropout-0.4	0.44846491228070173
430	MobileNetV2	True	64	1e-06	0.5	2	MobileNetV2_train-True_batch-64_lr-1e-06_dropout-0.5	0.5070284296028881
431	MobileNetV2	True	64	1e-06	0.6	2	MobileNetV2_train-True_batch-64_lr-1e-06_dropout-0.6	0.5456779697717726
432	InceptionResNetV2	False	16	0.0001	0.4	2	InceptionResNetV2_train-False_batch-16_lr-0.0001_dropout-0.4	0.6399517332163229
433	InceptionResNetV2	False	16	0.0001	0.5	2	InceptionResNetV2_train-False_batch-16_lr-0.0001_dropout-0.5	0.5584517108907353
434	InceptionResNetV2	False	16	0.0001	0.6	2	InceptionResNetV2_train-False_batch-16_lr-0.0001_dropout-0.6	0.5389975877780756
435	InceptionResNetV2	False	16	1e-05	0.4	2	InceptionResNetV2_train-False_batch-16_lr-1e-05_dropout-0.4	0.5781257014590349
436	InceptionResNetV2	False	16	1e-05	0.5	2	InceptionResNetV2_train-False_batch-16_lr-1e-05_dropout-0.5	0.5044358507734304
437	InceptionResNetV2	False	16	1e-05	0.6	2	InceptionResNetV2_train-False_batch-16_lr-1e-05_dropout-0.6	0.5580973756906077
438	InceptionResNetV2	False	16	1e-06	0.4	2	InceptionResNetV2_train-False_batch-16_lr-1e-06_dropout-0.4	0.5375
439	InceptionResNetV2	False	16	1e-06	0.5	2	InceptionResNetV2_train-False_batch-16_lr-1e-06_dropout-0.5	0.5560196292257361
440	InceptionResNetV2	False	16	1e-06	0.6	2	InceptionResNetV2_train-False_batch-16_lr-1e-06_dropout-0.6	0.5724769635805178
441	InceptionResNetV2	False	32	0.0001	0.4	2	InceptionResNetV2_train-False_batch-32_lr-0.0001_dropout-0.4	0.567338581964617
442	InceptionResNetV2	False	32	0.0001	0.5	2	InceptionResNetV2_train-False_batch-32_lr-0.0001_dropout-0.5	0.5702944383860414
443	InceptionResNetV2	False	32	0.0001	0.6	2	InceptionResNetV2_train-False_batch-32_lr-0.0001_dropout-0.6	0.6167223707664884
444	InceptionResNetV2	False	32	1e-05	0.4	2	InceptionResNetV2_train-False_batch-32_lr-1e-05_dropout-0.4	0.5748370273794003
445	InceptionResNetV2	False	32	1e-05	0.5	2	InceptionResNetV2_train-False_batch-32_lr-1e-05_dropout-0.5	0.604001976284585
446	InceptionResNetV2	False	32	1e-05	0.6	2	InceptionResNetV2_train-False_batch-32_lr-1e-05_dropout-0.6	0.5708212225066158
447	InceptionResNetV2	False	32	1e-06	0.4	2	InceptionResNetV2_train-False_batch-32_lr-1e-06_dropout-0.4	0.517582619902421
448	InceptionResNetV2	False	32	1e-06	0.5	2	InceptionResNetV2_train-False_batch-32_lr-1e-06_dropout-0.5	0.5551608636286056
449	InceptionResNetV2	False	32	1e-06	0.6	2	InceptionResNetV2_train-False_batch-32_lr-1e-06_dropout-0.6	0.6229228088984187
450	InceptionResNetV2	False	64	0.0001	0.4	2	InceptionResNetV2_train-False_batch-64_lr-0.0001_dropout-0.4	0.5179615705931495
451	InceptionResNetV2	False	64	0.0001	0.5	2	InceptionResNetV2_train-False_batch-64_lr-0.0001_dropout-0.5	0.503030303030303
452	InceptionResNetV2	False	64	0.0001	0.6	2	InceptionResNetV2_train-False_batch-64_lr-0.0001_dropout-0.6	0.5304137596043451
453	InceptionResNetV2	False	64	1e-05	0.4	2	InceptionResNetV2_train-False_batch-64_lr-1e-05_dropout-0.4	0.6159147869674185
454	InceptionResNetV2	False	64	1e-05	0.5	2	InceptionResNetV2_train-False_batch-64_lr-1e-05_dropout-0.5	0.5731037255427499
455	InceptionResNetV2	False	64	1e-05	0.6	2	InceptionResNetV2_train-False_batch-64_lr-1e-05_dropout-0.6	0.5315876050326769
456	InceptionResNetV2	False	64	1e-06	0.4	2	InceptionResNetV2_train-False_batch-64_lr-1e-06_dropout-0.4	0.5435664396338553
457	InceptionResNetV2	False	64	1e-06	0.5	2	InceptionResNetV2_train-False_batch-64_lr-1e-06_dropout-0.5	0.6125341453584703
458	InceptionResNetV2	False	64	1e-06	0.6	2	InceptionResNetV2_train-False_batch-64_lr-1e-06_dropout-0.6	0.5509622082897945
459	InceptionResNetV2	True	16	0.0001	0.4	2	InceptionResNetV2_train-True_batch-16_lr-0.0001_dropout-0.4	0.7196238814317674
460	InceptionResNetV2	True	16	0.0001	0.5	2	InceptionResNetV2_train-True_batch-16_lr-0.0001_dropout-0.5	0.5856346255974508
461	InceptionResNetV2	True	16	0.0001	0.6	2	InceptionResNetV2_train-True_batch-16_lr-0.0001_dropout-0.6	0.569195632798574
462	InceptionResNetV2	True	16	1e-05	0.4	2	InceptionResNetV2_train-True_batch-16_lr-1e-05_dropout-0.4	0.5770774263904035
463	InceptionResNetV2	True	16	1e-05	0.5	2	InceptionResNetV2_train-True_batch-16_lr-1e-05_dropout-0.5	0.6518027830880719
464	InceptionResNetV2	True	16	1e-05	0.6	2	InceptionResNetV2_train-True_batch-16_lr-1e-05_dropout-0.6	0.7360066833751044
465	InceptionResNetV2	True	16	1e-06	0.4	2	InceptionResNetV2_train-True_batch-16_lr-1e-06_dropout-0.4	0.5259056078021596
466	InceptionResNetV2	True	16	1e-06	0.5	2	InceptionResNetV2_train-True_batch-16_lr-1e-06_dropout-0.5	0.5731385379061371
467	InceptionResNetV2	True	16	1e-06	0.6	2	InceptionResNetV2_train-True_batch-16_lr-1e-06_dropout-0.6	0.5472901520158625
468	InceptionResNetV2	True	32	0.0001	0.4	2	InceptionResNetV2_train-True_batch-32_lr-0.0001_dropout-0.4	0.8210063058328954
469	InceptionResNetV2	True	32	0.0001	0.5	2	InceptionResNetV2_train-True_batch-32_lr-0.0001_dropout-0.5	0.6735519964896884
470	InceptionResNetV2	True	32	0.0001	0.6	2	InceptionResNetV2_train-True_batch-32_lr-0.0001_dropout-0.6	0.5030487804878049
471	InceptionResNetV2	True	32	1e-05	0.4	2	InceptionResNetV2_train-True_batch-32_lr-1e-05_dropout-0.4	0.6864778100733158
472	InceptionResNetV2	True	32	1e-05	0.5	2	InceptionResNetV2_train-True_batch-32_lr-1e-05_dropout-0.5	0.6633249791144528
473	InceptionResNetV2	True	32	1e-05	0.6	2	InceptionResNetV2_train-True_batch-32_lr-1e-05_dropout-0.6	0.6124725756910926
474	InceptionResNetV2	True	32	1e-06	0.4	2	InceptionResNetV2_train-True_batch-32_lr-1e-06_dropout-0.4	0.5726648825966851
475	InceptionResNetV2	True	32	1e-06	0.5	2	InceptionResNetV2_train-True_batch-32_lr-1e-06_dropout-0.5	0.5849645296899633
476	InceptionResNetV2	True	32	1e-06	0.6	2	InceptionResNetV2_train-True_batch-32_lr-1e-06_dropout-0.6	0.5171092252942787
477	InceptionResNetV2	True	64	0.0001	0.4	2	InceptionResNetV2_train-True_batch-64_lr-0.0001_dropout-0.4	0.5208333333333334
478	InceptionResNetV2	True	64	0.0001	0.5	2	InceptionResNetV2_train-True_batch-64_lr-0.0001_dropout-0.5	0.5735294117647058
479	InceptionResNetV2	True	64	0.0001	0.6	2	InceptionResNetV2_train-True_batch-64_lr-0.0001_dropout-0.6	0.6173480494601185
480	InceptionResNetV2	True	64	1e-05	0.4	2	InceptionResNetV2_train-True_batch-64_lr-1e-05_dropout-0.4	0.5590415019762845
481	InceptionResNetV2	True	64	1e-05	0.5	2	InceptionResNetV2_train-True_batch-64_lr-1e-05_dropout-0.5	0.5394343183282703
482	InceptionResNetV2	True	64	1e-05	0.6	2	InceptionResNetV2_train-True_batch-64_lr-1e-05_dropout-0.6	0.6261391047976415
483	InceptionResNetV2	True	64	1e-06	0.4	2	InceptionResNetV2_train-True_batch-64_lr-1e-06_dropout-0.4	0.5900937052622446
484	InceptionResNetV2	True	64	1e-06	0.5	2	InceptionResNetV2_train-True_batch-64_lr-1e-06_dropout-0.5	0.5629405162738496
485	InceptionResNetV2	True	64	1e-06	0.6	2	InceptionResNetV2_train-True_batch-64_lr-1e-06_dropout-0.6	0.5490185018050542
486	VGG16	False	16	0.0001	0.4	3	VGG16_train-False_batch-16_lr-0.0001_dropout-0.4	0.6469887679734277
487	VGG16	False	16	0.0001	0.5	3	VGG16_train-False_batch-16_lr-0.0001_dropout-0.5	0.5800992089506578
488	VGG16	False	16	0.0001	0.6	3	VGG16_train-False_batch-16_lr-0.0001_dropout-0.6	0.6869594145043246
489	VGG16	False	16	1e-05	0.4	3	VGG16_train-False_batch-16_lr-1e-05_dropout-0.4	0.6076604554865425
490	VGG16	False	16	1e-05	0.5	3	VGG16_train-False_batch-16_lr-1e-05_dropout-0.5	0.6394322466178753
491	VGG16	False	16	1e-05	0.6	3	VGG16_train-False_batch-16_lr-1e-05_dropout-0.6	0.5301937298670659
492	VGG16	False	16	1e-06	0.4	3	VGG16_train-False_batch-16_lr-1e-06_dropout-0.4	0.5304472350738048
493	VGG16	False	16	1e-06	0.5	3	VGG16_train-False_batch-16_lr-1e-06_dropout-0.5	0.5671600017912319
494	VGG16	False	16	1e-06	0.6	3	VGG16_train-False_batch-16_lr-1e-06_dropout-0.6	0.5131913252574747
495	VGG16	False	32	0.0001	0.4	3	VGG16_train-False_batch-32_lr-0.0001_dropout-0.4	0.5723433791590167
496	VGG16	False	32	0.0001	0.5	3	VGG16_train-False_batch-32_lr-0.0001_dropout-0.5	0.6195652173913043
497	VGG16	False	32	0.0001	0.6	3	VGG16_train-False_batch-32_lr-0.0001_dropout-0.6	0.6564415834647048
498	VGG16	False	32	1e-05	0.4	3	VGG16_train-False_batch-32_lr-1e-05_dropout-0.4	0.6833958724202627
499	VGG16	False	32	1e-05	0.5	3	VGG16_train-False_batch-32_lr-1e-05_dropout-0.5	0.6735588972431078
500	VGG16	False	32	1e-05	0.6	3	VGG16_train-False_batch-32_lr-1e-05_dropout-0.6	0.6732706441850411
501	VGG16	False	32	1e-06	0.4	3	VGG16_train-False_batch-32_lr-1e-06_dropout-0.4	0.5831920903954803
502	VGG16	False	32	1e-06	0.5	3	VGG16_train-False_batch-32_lr-1e-06_dropout-0.5	0.5474101921470342
503	VGG16	False	32	1e-06	0.6	3	VGG16_train-False_batch-32_lr-1e-06_dropout-0.6	0.5656565656565656
504	VGG16	False	64	0.0001	0.4	3	VGG16_train-False_batch-64_lr-0.0001_dropout-0.4	0.6650308853809197
505	VGG16	False	64	0.0001	0.5	3	VGG16_train-False_batch-64_lr-0.0001_dropout-0.5	0.5936264822134387
506	VGG16	False	64	0.0001	0.6	3	VGG16_train-False_batch-64_lr-0.0001_dropout-0.6	0.6500981461286806
507	VGG16	False	64	1e-05	0.4	3	VGG16_train-False_batch-64_lr-1e-05_dropout-0.4	0.5836555279388751
508	VGG16	False	64	1e-05	0.5	3	VGG16_train-False_batch-64_lr-1e-05_dropout-0.5	0.6511324041811847
509	VGG16	False	64	1e-05	0.6	3	VGG16_train-False_batch-64_lr-1e-05_dropout-0.6	0.5961337513061651
510	VGG16	False	64	1e-06	0.4	3	VGG16_train-False_batch-64_lr-1e-06_dropout-0.4	0.5841938815025172
511	VGG16	False	64	1e-06	0.5	3	VGG16_train-False_batch-64_lr-1e-06_dropout-0.5	0.5029940119760479
512	VGG16	False	64	1e-06	0.6	3	VGG16_train-False_batch-64_lr-1e-06_dropout-0.6	0.4996980255516841
513	VGG16	True	16	0.0001	0.4	3	VGG16_train-True_batch-16_lr-0.0001_dropout-0.4	0.5
514	VGG16	True	16	0.0001	0.5	3	VGG16_train-True_batch-16_lr-0.0001_dropout-0.5	0.5
515	VGG16	True	16	0.0001	0.6	3	VGG16_train-True_batch-16_lr-0.0001_dropout-0.6	0.5
516	VGG16	True	16	1e-05	0.4	3	VGG16_train-True_batch-16_lr-1e-05_dropout-0.4	0.6440563317808827
517	VGG16	True	16	1e-05	0.5	3	VGG16_train-True_batch-16_lr-1e-05_dropout-0.5	0.7228535353535352
518	VGG16	True	16	1e-05	0.6	3	VGG16_train-True_batch-16_lr-1e-05_dropout-0.6	0.6569248519679554
519	VGG16	True	16	1e-06	0.4	3	VGG16_train-True_batch-16_lr-1e-06_dropout-0.4	0.6422377467287647
520	VGG16	True	16	1e-06	0.5	3	VGG16_train-True_batch-16_lr-1e-06_dropout-0.5	0.6469135802469136
521	VGG16	True	16	1e-06	0.6	3	VGG16_train-True_batch-16_lr-1e-06_dropout-0.6	0.6038678835289004
522	VGG16	True	32	0.0001	0.4	3	VGG16_train-True_batch-32_lr-0.0001_dropout-0.4	0.5
523	VGG16	True	32	0.0001	0.5	3	VGG16_train-True_batch-32_lr-0.0001_dropout-0.5	0.5541177797833935
524	VGG16	True	32	0.0001	0.6	3	VGG16_train-True_batch-32_lr-0.0001_dropout-0.6	0.5
525	VGG16	True	32	1e-05	0.4	3	VGG16_train-True_batch-32_lr-1e-05_dropout-0.4	0.8037077426390404
526	VGG16	True	32	1e-05	0.5	3	VGG16_train-True_batch-32_lr-1e-05_dropout-0.5	0.6853652128218602
527	VGG16	True	32	1e-05	0.6	3	VGG16_train-True_batch-32_lr-1e-05_dropout-0.6	0.6721313297470324
528	VGG16	True	32	1e-06	0.4	3	VGG16_train-True_batch-32_lr-1e-06_dropout-0.4	0.6283424209378408
529	VGG16	True	32	1e-06	0.5	3	VGG16_train-True_batch-32_lr-1e-06_dropout-0.5	0.629552435278631
530	VGG16	True	32	1e-06	0.6	3	VGG16_train-True_batch-32_lr-1e-06_dropout-0.6	0.5495597226024272
531	VGG16	True	64	0.0001	0.4	3	VGG16_train-True_batch-64_lr-0.0001_dropout-0.4	0.5059171597633136
532	VGG16	True	64	0.0001	0.5	3	VGG16_train-True_batch-64_lr-0.0001_dropout-0.5	0.5
533	VGG16	True	64	0.0001	0.6	3	VGG16_train-True_batch-64_lr-0.0001_dropout-0.6	0.5473151991521681
534	VGG16	True	64	1e-05	0.4	3	VGG16_train-True_batch-64_lr-1e-05_dropout-0.4	0.7426904598490047
535	VGG16	True	64	1e-05	0.5	3	VGG16_train-True_batch-64_lr-1e-05_dropout-0.5	0.6320983838205423
536	VGG16	True	64	1e-05	0.6	3	VGG16_train-True_batch-64_lr-1e-05_dropout-0.6	0.6351156069364161
537	VGG16	True	64	1e-06	0.4	3	VGG16_train-True_batch-64_lr-1e-06_dropout-0.4	0.5654721505814216
538	VGG16	True	64	1e-06	0.5	3	VGG16_train-True_batch-64_lr-1e-06_dropout-0.5	0.6215131664569866
539	VGG16	True	64	1e-06	0.6	3	VGG16_train-True_batch-64_lr-1e-06_dropout-0.6	0.5399181499285436
540	MobileNetV2	False	16	0.0001	0.4	3	MobileNetV2_train-False_batch-16_lr-0.0001_dropout-0.4	0.5872271373316142
541	MobileNetV2	False	16	0.0001	0.5	3	MobileNetV2_train-False_batch-16_lr-0.0001_dropout-0.5	0.7061246970698392
542	MobileNetV2	False	16	0.0001	0.6	3	MobileNetV2_train-False_batch-16_lr-0.0001_dropout-0.6	0.7052790346907993
543	MobileNetV2	False	16	1e-05	0.4	3	MobileNetV2_train-False_batch-16_lr-1e-05_dropout-0.4	0.8067649916099973
544	MobileNetV2	False	16	1e-05	0.5	3	MobileNetV2_train-False_batch-16_lr-1e-05_dropout-0.5	0.7326649958228906
545	MobileNetV2	False	16	1e-05	0.6	3	MobileNetV2_train-False_batch-16_lr-1e-05_dropout-0.6	0.6200918964076858
546	MobileNetV2	False	16	1e-06	0.4	3	MobileNetV2_train-False_batch-16_lr-1e-06_dropout-0.4	0.5902433724467623
547	MobileNetV2	False	16	1e-06	0.5	3	MobileNetV2_train-False_batch-16_lr-1e-06_dropout-0.5	0.6369472021660649
548	MobileNetV2	False	16	1e-06	0.6	3	MobileNetV2_train-False_batch-16_lr-1e-06_dropout-0.6	0.6626777355824428
549	MobileNetV2	False	32	0.0001	0.4	3	MobileNetV2_train-False_batch-32_lr-0.0001_dropout-0.4	0.730221588415972
550	MobileNetV2	False	32	0.0001	0.5	3	MobileNetV2_train-False_batch-32_lr-0.0001_dropout-0.5	0.6268840252707581
551	MobileNetV2	False	32	0.0001	0.6	3	MobileNetV2_train-False_batch-32_lr-0.0001_dropout-0.6	0.6842139766618591
552	MobileNetV2	False	32	1e-05	0.4	3	MobileNetV2_train-False_batch-32_lr-1e-05_dropout-0.4	0.5884109916367981
553	MobileNetV2	False	32	1e-05	0.5	3	MobileNetV2_train-False_batch-32_lr-1e-05_dropout-0.5	0.7565525949146639
554	MobileNetV2	False	32	1e-05	0.6	3	MobileNetV2_train-False_batch-32_lr-1e-05_dropout-0.6	0.7429940515532055
555	MobileNetV2	False	32	1e-06	0.4	3	MobileNetV2_train-False_batch-32_lr-1e-06_dropout-0.4	0.6499914321209784
556	MobileNetV2	False	32	1e-06	0.5	3	MobileNetV2_train-False_batch-32_lr-1e-06_dropout-0.5	0.6806055287406757
557	MobileNetV2	False	32	1e-06	0.6	3	MobileNetV2_train-False_batch-32_lr-1e-06_dropout-0.6	0.6621769162210338
558	MobileNetV2	False	64	0.0001	0.4	3	MobileNetV2_train-False_batch-64_lr-0.0001_dropout-0.4	0.7456977651323942
559	MobileNetV2	False	64	0.0001	0.5	3	MobileNetV2_train-False_batch-64_lr-0.0001_dropout-0.5	0.5160549460118425
560	MobileNetV2	False	64	0.0001	0.6	3	MobileNetV2_train-False_batch-64_lr-0.0001_dropout-0.6	0.588920605416888
561	MobileNetV2	False	64	1e-05	0.4	3	MobileNetV2_train-False_batch-64_lr-1e-05_dropout-0.4	0.7146950787750044
562	MobileNetV2	False	64	1e-05	0.5	3	MobileNetV2_train-False_batch-64_lr-1e-05_dropout-0.5	0.6609275170742455
563	MobileNetV2	False	64	1e-05	0.6	3	MobileNetV2_train-False_batch-64_lr-1e-05_dropout-0.6	0.6126718597028902
564	MobileNetV2	False	64	1e-06	0.4	3	MobileNetV2_train-False_batch-64_lr-1e-06_dropout-0.4	0.6121654234313295
565	MobileNetV2	False	64	1e-06	0.5	3	MobileNetV2_train-False_batch-64_lr-1e-06_dropout-0.5	0.7045522998149821
566	MobileNetV2	False	64	1e-06	0.6	3	MobileNetV2_train-False_batch-64_lr-1e-06_dropout-0.6	0.5827278880866427
567	MobileNetV2	True	16	0.0001	0.4	3	MobileNetV2_train-True_batch-16_lr-0.0001_dropout-0.4	0.5
568	MobileNetV2	True	16	0.0001	0.5	3	MobileNetV2_train-True_batch-16_lr-0.0001_dropout-0.5	0.7708417508417509
569	MobileNetV2	True	16	0.0001	0.6	3	MobileNetV2_train-True_batch-16_lr-0.0001_dropout-0.6	0.5
570	MobileNetV2	True	16	1e-05	0.4	3	MobileNetV2_train-True_batch-16_lr-1e-05_dropout-0.4	0.5629146648364218
571	MobileNetV2	True	16	1e-05	0.5	3	MobileNetV2_train-True_batch-16_lr-1e-05_dropout-0.5	0.584506107275624
572	MobileNetV2	True	16	1e-05	0.6	3	MobileNetV2_train-True_batch-16_lr-1e-05_dropout-0.6	0.5318557149065624
573	MobileNetV2	True	16	1e-06	0.4	3	MobileNetV2_train-True_batch-16_lr-1e-06_dropout-0.4	0.5932497273718648
574	MobileNetV2	True	16	1e-06	0.5	3	MobileNetV2_train-True_batch-16_lr-1e-06_dropout-0.5	0.5593681439227731
575	MobileNetV2	True	16	1e-06	0.6	3	MobileNetV2_train-True_batch-16_lr-1e-06_dropout-0.6	0.5596913249352274
576	MobileNetV2	True	32	0.0001	0.4	3	MobileNetV2_train-True_batch-32_lr-0.0001_dropout-0.4	0.5335977448538088
577	MobileNetV2	True	32	0.0001	0.5	3	MobileNetV2_train-True_batch-32_lr-0.0001_dropout-0.5	0.5028901734104047
578	MobileNetV2	True	32	0.0001	0.6	3	MobileNetV2_train-True_batch-32_lr-0.0001_dropout-0.6	0.5
579	MobileNetV2	True	32	1e-05	0.4	3	MobileNetV2_train-True_batch-32_lr-1e-05_dropout-0.4	0.572711642007149
580	MobileNetV2	True	32	1e-05	0.5	3	MobileNetV2_train-True_batch-32_lr-1e-05_dropout-0.5	0.516798418972332
581	MobileNetV2	True	32	1e-05	0.6	3	MobileNetV2_train-True_batch-32_lr-1e-05_dropout-0.6	0.5448848468395096
582	MobileNetV2	True	32	1e-06	0.4	3	MobileNetV2_train-True_batch-32_lr-1e-06_dropout-0.4	0.5260249554367201
583	MobileNetV2	True	32	1e-06	0.5	3	MobileNetV2_train-True_batch-32_lr-1e-06_dropout-0.5	0.6066277697653074
584	MobileNetV2	True	32	1e-06	0.6	3	MobileNetV2_train-True_batch-32_lr-1e-06_dropout-0.6	0.5112404155891294
585	MobileNetV2	True	64	0.0001	0.4	3	MobileNetV2_train-True_batch-64_lr-0.0001_dropout-0.4	0.5
586	MobileNetV2	True	64	0.0001	0.5	3	MobileNetV2_train-True_batch-64_lr-0.0001_dropout-0.5	0.5058368399619927
587	MobileNetV2	True	64	0.0001	0.6	3	MobileNetV2_train-True_batch-64_lr-0.0001_dropout-0.6	0.5302048909451421
588	MobileNetV2	True	64	1e-05	0.4	3	MobileNetV2_train-True_batch-64_lr-1e-05_dropout-0.4	0.5053320674732845
589	MobileNetV2	True	64	1e-05	0.5	3	MobileNetV2_train-True_batch-64_lr-1e-05_dropout-0.5	0.5439227731461167
590	MobileNetV2	True	64	1e-05	0.6	3	MobileNetV2_train-True_batch-64_lr-1e-05_dropout-0.6	0.5703208556149733
591	MobileNetV2	True	64	1e-06	0.4	3	MobileNetV2_train-True_batch-64_lr-1e-06_dropout-0.4	0.48716540837336997
592	MobileNetV2	True	64	1e-06	0.5	3	MobileNetV2_train-True_batch-64_lr-1e-06_dropout-0.5	0.5434782608695652
593	MobileNetV2	True	64	1e-06	0.6	3	MobileNetV2_train-True_batch-64_lr-1e-06_dropout-0.6	0.5576345350052246
594	InceptionResNetV2	False	16	0.0001	0.4	3	InceptionResNetV2_train-False_batch-16_lr-0.0001_dropout-0.4	0.6356620093147038
595	InceptionResNetV2	False	16	0.0001	0.5	3	InceptionResNetV2_train-False_batch-16_lr-0.0001_dropout-0.5	0.596986561694041
596	InceptionResNetV2	False	16	0.0001	0.6	3	InceptionResNetV2_train-False_batch-16_lr-0.0001_dropout-0.6	0.5472755319631596
597	InceptionResNetV2	False	16	1e-05	0.4	3	InceptionResNetV2_train-False_batch-16_lr-1e-05_dropout-0.4	0.6183211163119314
598	InceptionResNetV2	False	16	1e-05	0.5	3	InceptionResNetV2_train-False_batch-16_lr-1e-05_dropout-0.5	0.5407543376600673
599	InceptionResNetV2	False	16	1e-05	0.6	3	InceptionResNetV2_train-False_batch-16_lr-1e-05_dropout-0.6	0.5425799137509447
600	InceptionResNetV2	False	16	1e-06	0.4	3	InceptionResNetV2_train-False_batch-16_lr-1e-06_dropout-0.4	0.5661405964956938
601	InceptionResNetV2	False	16	1e-06	0.5	3	InceptionResNetV2_train-False_batch-16_lr-1e-06_dropout-0.5	0.5596466541588493
602	InceptionResNetV2	False	16	1e-06	0.6	3	InceptionResNetV2_train-False_batch-16_lr-1e-06_dropout-0.6	0.5731899956121106
603	InceptionResNetV2	False	32	0.0001	0.4	3	InceptionResNetV2_train-False_batch-32_lr-0.0001_dropout-0.4	0.5754502971734495
604	InceptionResNetV2	False	32	0.0001	0.5	3	InceptionResNetV2_train-False_batch-32_lr-0.0001_dropout-0.5	0.6208178844056707
605	InceptionResNetV2	False	32	0.0001	0.6	3	InceptionResNetV2_train-False_batch-32_lr-0.0001_dropout-0.6	0.6267172009069488
606	InceptionResNetV2	False	32	1e-05	0.4	3	InceptionResNetV2_train-False_batch-32_lr-1e-05_dropout-0.4	0.5143670694209865
607	InceptionResNetV2	False	32	1e-05	0.5	3	InceptionResNetV2_train-False_batch-32_lr-1e-05_dropout-0.5	0.620170719779487
608	InceptionResNetV2	False	32	1e-05	0.6	3	InceptionResNetV2_train-False_batch-32_lr-1e-05_dropout-0.6	0.6622064210299504
609	InceptionResNetV2	False	32	1e-06	0.4	3	InceptionResNetV2_train-False_batch-32_lr-1e-06_dropout-0.4	0.5132623957876261
610	InceptionResNetV2	False	32	1e-06	0.5	3	InceptionResNetV2_train-False_batch-32_lr-1e-06_dropout-0.5	0.5828596607182198
611	InceptionResNetV2	False	32	1e-06	0.6	3	InceptionResNetV2_train-False_batch-32_lr-1e-06_dropout-0.6	0.5532826613791584
612	InceptionResNetV2	False	64	0.0001	0.4	3	InceptionResNetV2_train-False_batch-64_lr-0.0001_dropout-0.4	0.5799179418939898
613	InceptionResNetV2	False	64	0.0001	0.5	3	InceptionResNetV2_train-False_batch-64_lr-0.0001_dropout-0.5	0.5106949458483754
614	InceptionResNetV2	False	64	0.0001	0.6	3	InceptionResNetV2_train-False_batch-64_lr-0.0001_dropout-0.6	0.532317542192661
615	InceptionResNetV2	False	64	1e-05	0.4	3	InceptionResNetV2_train-False_batch-64_lr-1e-05_dropout-0.4	0.6481171267756634
616	InceptionResNetV2	False	64	1e-05	0.5	3	InceptionResNetV2_train-False_batch-64_lr-1e-05_dropout-0.5	0.611764705882353
617	InceptionResNetV2	False	64	1e-05	0.6	3	InceptionResNetV2_train-False_batch-64_lr-1e-05_dropout-0.6	0.5420250109697236
618	InceptionResNetV2	False	64	1e-06	0.4	3	InceptionResNetV2_train-False_batch-64_lr-1e-06_dropout-0.4	0.5863299663299664
619	InceptionResNetV2	False	64	1e-06	0.5	3	InceptionResNetV2_train-False_batch-64_lr-1e-06_dropout-0.5	0.5876775663361029
620	InceptionResNetV2	False	64	1e-06	0.6	3	InceptionResNetV2_train-False_batch-64_lr-1e-06_dropout-0.6	0.5726566648964418
621	InceptionResNetV2	True	16	0.0001	0.4	3	InceptionResNetV2_train-True_batch-16_lr-0.0001_dropout-0.4	0.7680416943889998
622	InceptionResNetV2	True	16	0.0001	0.5	3	InceptionResNetV2_train-True_batch-16_lr-0.0001_dropout-0.5	0.8074794638996974
623	InceptionResNetV2	True	16	0.0001	0.6	3	InceptionResNetV2_train-True_batch-16_lr-0.0001_dropout-0.6	0.815280824923212
624	InceptionResNetV2	True	16	1e-05	0.4	3	InceptionResNetV2_train-True_batch-16_lr-1e-05_dropout-0.4	0.5864254184694725
625	InceptionResNetV2	True	16	1e-05	0.5	3	InceptionResNetV2_train-True_batch-16_lr-1e-05_dropout-0.5	0.649179418939898
626	InceptionResNetV2	True	16	1e-05	0.6	3	InceptionResNetV2_train-True_batch-16_lr-1e-05_dropout-0.6	0.7664558874309393
627	InceptionResNetV2	True	16	1e-06	0.4	3	InceptionResNetV2_train-True_batch-16_lr-1e-06_dropout-0.4	0.5750609543712992
628	InceptionResNetV2	True	16	1e-06	0.5	3	InceptionResNetV2_train-True_batch-16_lr-1e-06_dropout-0.5	0.5749101381490624
629	InceptionResNetV2	True	16	1e-06	0.6	3	InceptionResNetV2_train-True_batch-16_lr-1e-06_dropout-0.6	0.5293985938829431
630	InceptionResNetV2	True	32	0.0001	0.4	3	InceptionResNetV2_train-True_batch-32_lr-0.0001_dropout-0.4	0.8038377143880704
631	InceptionResNetV2	True	32	0.0001	0.5	3	InceptionResNetV2_train-True_batch-32_lr-0.0001_dropout-0.5	0.6843412433300073
632	InceptionResNetV2	True	32	0.0001	0.6	3	InceptionResNetV2_train-True_batch-32_lr-0.0001_dropout-0.6	0.5159278574532812
633	InceptionResNetV2	True	32	1e-05	0.4	3	InceptionResNetV2_train-True_batch-32_lr-1e-05_dropout-0.4	0.668141199484284
634	InceptionResNetV2	True	32	1e-05	0.5	3	InceptionResNetV2_train-True_batch-32_lr-1e-05_dropout-0.5	0.5782159017453136
635	InceptionResNetV2	True	32	1e-05	0.6	3	InceptionResNetV2_train-True_batch-32_lr-1e-05_dropout-0.6	0.6454416575790622
636	InceptionResNetV2	True	32	1e-06	0.4	3	InceptionResNetV2_train-True_batch-32_lr-1e-06_dropout-0.4	0.5846838293738409
637	InceptionResNetV2	True	32	1e-06	0.5	3	InceptionResNetV2_train-True_batch-32_lr-1e-06_dropout-0.5	0.5867014341590613
638	InceptionResNetV2	True	32	1e-06	0.6	3	InceptionResNetV2_train-True_batch-32_lr-1e-06_dropout-0.6	0.5149030801911842
639	InceptionResNetV2	True	64	0.0001	0.4	3	InceptionResNetV2_train-True_batch-64_lr-0.0001_dropout-0.4	0.5153402386259341
640	InceptionResNetV2	True	64	0.0001	0.5	3	InceptionResNetV2_train-True_batch-64_lr-0.0001_dropout-0.5	0.5764682345618637
641	InceptionResNetV2	True	64	0.0001	0.6	3	InceptionResNetV2_train-True_batch-64_lr-0.0001_dropout-0.6	0.5112663561765358
642	InceptionResNetV2	True	64	1e-05	0.4	3	InceptionResNetV2_train-True_batch-64_lr-1e-05_dropout-0.4	0.6182523841206475
643	InceptionResNetV2	True	64	1e-05	0.5	3	InceptionResNetV2_train-True_batch-64_lr-1e-05_dropout-0.5	0.5582154882154882
644	InceptionResNetV2	True	64	1e-05	0.6	3	InceptionResNetV2_train-True_batch-64_lr-1e-05_dropout-0.6	0.6106631416611589
645	InceptionResNetV2	True	64	1e-06	0.4	3	InceptionResNetV2_train-True_batch-64_lr-1e-06_dropout-0.4	0.6461212516297262
646	InceptionResNetV2	True	64	1e-06	0.5	3	InceptionResNetV2_train-True_batch-64_lr-1e-06_dropout-0.5	0.5806434023991276
647	InceptionResNetV2	True	64	1e-06	0.6	3	InceptionResNetV2_train-True_batch-64_lr-1e-06_dropout-0.6	0.5292958486600106
648	VGG16	False	16	0.0001	0.4	4	VGG16_train-False_batch-16_lr-0.0001_dropout-0.4	0.6919059481666011
649	VGG16	False	16	0.0001	0.5	4	VGG16_train-False_batch-16_lr-0.0001_dropout-0.5	0.5446015712682379
650	VGG16	False	16	0.0001	0.6	4	VGG16_train-False_batch-16_lr-0.0001_dropout-0.6	0.6745508982035928
651	VGG16	False	16	1e-05	0.4	4	VGG16_train-False_batch-16_lr-1e-05_dropout-0.4	0.6097127254371071
652	VGG16	False	16	1e-05	0.5	4	VGG16_train-False_batch-16_lr-1e-05_dropout-0.5	0.6341084252933964
653	VGG16	False	16	1e-05	0.6	4	VGG16_train-False_batch-16_lr-1e-05_dropout-0.6	0.5852480530097672
654	VGG16	False	16	1e-06	0.4	4	VGG16_train-False_batch-16_lr-1e-06_dropout-0.4	0.5230954015099519
655	VGG16	False	16	1e-06	0.5	4	VGG16_train-False_batch-16_lr-1e-06_dropout-0.5	0.5967908902691511
656	VGG16	False	16	1e-06	0.6	4	VGG16_train-False_batch-16_lr-1e-06_dropout-0.6	0.5711244178310046
657	VGG16	False	32	0.0001	0.4	4	VGG16_train-False_batch-32_lr-0.0001_dropout-0.4	0.49998883230590546
658	VGG16	False	32	0.0001	0.5	4	VGG16_train-False_batch-32_lr-0.0001_dropout-0.5	0.5234036916011658
659	VGG16	False	32	0.0001	0.6	4	VGG16_train-False_batch-32_lr-0.0001_dropout-0.6	0.6917701863354038
660	VGG16	False	32	1e-05	0.4	4	VGG16_train-False_batch-32_lr-1e-05_dropout-0.4	0.6138020042514425
661	VGG16	False	32	1e-05	0.5	4	VGG16_train-False_batch-32_lr-1e-05_dropout-0.5	0.6976170364113279
662	VGG16	False	32	1e-05	0.6	4	VGG16_train-False_batch-32_lr-1e-05_dropout-0.6	0.6019849190507873
663	VGG16	False	32	1e-06	0.4	4	VGG16_train-False_batch-32_lr-1e-06_dropout-0.4	0.5485746352413019
664	VGG16	False	32	1e-06	0.5	4	VGG16_train-False_batch-32_lr-1e-06_dropout-0.5	0.5787774981357195
665	VGG16	False	32	1e-06	0.6	4	VGG16_train-False_batch-32_lr-1e-06_dropout-0.6	0.6036227665577001
666	VGG16	False	64	0.0001	0.4	4	VGG16_train-False_batch-64_lr-0.0001_dropout-0.4	0.6302203520202706
667	VGG16	False	64	0.0001	0.5	4	VGG16_train-False_batch-64_lr-0.0001_dropout-0.5	0.680695847362514
668	VGG16	False	64	0.0001	0.6	4	VGG16_train-False_batch-64_lr-0.0001_dropout-0.6	0.6739149400218103
669	VGG16	False	64	1e-05	0.4	4	VGG16_train-False_batch-64_lr-1e-05_dropout-0.4	0.6289575030227039
670	VGG16	False	64	1e-05	0.5	4	VGG16_train-False_batch-64_lr-1e-05_dropout-0.5	0.6907182940516274
671	VGG16	False	64	1e-05	0.6	4	VGG16_train-False_batch-64_lr-1e-05_dropout-0.6	0.6368363317244405
672	VGG16	False	64	1e-06	0.4	4	VGG16_train-False_batch-64_lr-1e-06_dropout-0.4	0.570381459303615
673	VGG16	False	64	1e-06	0.5	4	VGG16_train-False_batch-64_lr-1e-06_dropout-0.5	0.5027932960893855
674	VGG16	False	64	1e-06	0.6	4	VGG16_train-False_batch-64_lr-1e-06_dropout-0.6	0.5061313200640586
675	VGG16	True	16	0.0001	0.4	4	VGG16_train-True_batch-16_lr-0.0001_dropout-0.4	0.5
676	VGG16	True	16	0.0001	0.5	4	VGG16_train-True_batch-16_lr-0.0001_dropout-0.5	0.5
677	VGG16	True	16	0.0001	0.6	4	VGG16_train-True_batch-16_lr-0.0001_dropout-0.6	0.506834137779728
678	VGG16	True	16	1e-05	0.4	4	VGG16_train-True_batch-16_lr-1e-05_dropout-0.4	0.6057013555064743
679	VGG16	True	16	1e-05	0.5	4	VGG16_train-True_batch-16_lr-1e-05_dropout-0.5	0.7196167594226506
680	VGG16	True	16	1e-05	0.6	4	VGG16_train-True_batch-16_lr-1e-05_dropout-0.6	0.6467786037768093
681	VGG16	True	16	1e-06	0.4	4	VGG16_train-True_batch-16_lr-1e-06_dropout-0.4	0.7068930505415163
682	VGG16	True	16	1e-06	0.5	4	VGG16_train-True_batch-16_lr-1e-06_dropout-0.5	0.6450122724957161
683	VGG16	True	16	1e-06	0.6	4	VGG16_train-True_batch-16_lr-1e-06_dropout-0.6	0.6397981570864415
684	VGG16	True	32	0.0001	0.4	4	VGG16_train-True_batch-32_lr-0.0001_dropout-0.4	0.5961996034368804
685	VGG16	True	32	0.0001	0.5	4	VGG16_train-True_batch-32_lr-0.0001_dropout-0.5	0.5681115937486005
686	VGG16	True	32	0.0001	0.6	4	VGG16_train-True_batch-32_lr-0.0001_dropout-0.6	0.5
687	VGG16	True	32	1e-05	0.4	4	VGG16_train-True_batch-32_lr-1e-05_dropout-0.4	0.7725405358157422
688	VGG16	True	32	1e-05	0.5	4	VGG16_train-True_batch-32_lr-1e-05_dropout-0.5	0.6809378407851691
689	VGG16	True	32	1e-05	0.6	4	VGG16_train-True_batch-32_lr-1e-05_dropout-0.6	0.6306868472295981
690	VGG16	True	32	1e-06	0.4	4	VGG16_train-True_batch-32_lr-1e-06_dropout-0.4	0.6549945474372956
691	VGG16	True	32	1e-06	0.5	4	VGG16_train-True_batch-32_lr-1e-06_dropout-0.5	0.6005434782608695
692	VGG16	True	32	1e-06	0.6	4	VGG16_train-True_batch-32_lr-1e-06_dropout-0.6	0.5
693	VGG16	True	64	0.0001	0.4	4	VGG16_train-True_batch-64_lr-0.0001_dropout-0.4	0.5
694	VGG16	True	64	0.0001	0.5	4	VGG16_train-True_batch-64_lr-0.0001_dropout-0.5	0.5
695	VGG16	True	64	0.0001	0.6	4	VGG16_train-True_batch-64_lr-0.0001_dropout-0.6	0.5561357414112867
696	VGG16	True	64	1e-05	0.4	4	VGG16_train-True_batch-64_lr-1e-05_dropout-0.4	0.5260421266448821
697	VGG16	True	64	1e-05	0.5	4	VGG16_train-True_batch-64_lr-1e-05_dropout-0.5	0.5838334837545126
698	VGG16	True	64	1e-05	0.6	4	VGG16_train-True_batch-64_lr-1e-05_dropout-0.6	0.6399722354778534
699	VGG16	True	64	1e-06	0.4	4	VGG16_train-True_batch-64_lr-1e-06_dropout-0.4	0.6246108949416342
700	VGG16	True	64	1e-06	0.5	4	VGG16_train-True_batch-64_lr-1e-06_dropout-0.5	0.5009495856353591
701	VGG16	True	64	1e-06	0.6	4	VGG16_train-True_batch-64_lr-1e-06_dropout-0.6	0.5
702	MobileNetV2	False	16	0.0001	0.4	4	MobileNetV2_train-False_batch-16_lr-0.0001_dropout-0.4	0.5575623527319611
703	MobileNetV2	False	16	0.0001	0.5	4	MobileNetV2_train-False_batch-16_lr-0.0001_dropout-0.5	0.5111842105263158
704	MobileNetV2	False	16	0.0001	0.6	4	MobileNetV2_train-False_batch-16_lr-0.0001_dropout-0.6	0.504083464704852
705	MobileNetV2	False	16	1e-05	0.4	4	MobileNetV2_train-False_batch-16_lr-1e-05_dropout-0.4	0.6047026070441989
706	MobileNetV2	False	16	1e-05	0.5	4	MobileNetV2_train-False_batch-16_lr-1e-05_dropout-0.5	0.5599413298565841
707	MobileNetV2	False	16	1e-05	0.6	4	MobileNetV2_train-False_batch-16_lr-1e-05_dropout-0.6	0.529553638909883
708	MobileNetV2	False	16	1e-06	0.4	4	MobileNetV2_train-False_batch-16_lr-1e-06_dropout-0.4	0.5988612836438924
709	MobileNetV2	False	16	1e-06	0.5	4	MobileNetV2_train-False_batch-16_lr-1e-06_dropout-0.5	0.5750065308254964
710	MobileNetV2	False	16	1e-06	0.6	4	MobileNetV2_train-False_batch-16_lr-1e-06_dropout-0.6	0.6055931216694281
711	MobileNetV2	False	32	0.0001	0.4	4	MobileNetV2_train-False_batch-32_lr-0.0001_dropout-0.4	0.5403789709944752
712	MobileNetV2	False	32	0.0001	0.5	4	MobileNetV2_train-False_batch-32_lr-0.0001_dropout-0.5	0.6134940444911543
713	MobileNetV2	False	32	0.0001	0.6	4	MobileNetV2_train-False_batch-32_lr-0.0001_dropout-0.6	0.5418320610687023
714	MobileNetV2	False	32	1e-05	0.4	4	MobileNetV2_train-False_batch-32_lr-1e-05_dropout-0.4	0.5938945005611672
715	MobileNetV2	False	32	1e-05	0.5	4	MobileNetV2_train-False_batch-32_lr-1e-05_dropout-0.5	0.5476963580517771
716	MobileNetV2	False	32	1e-05	0.6	4	MobileNetV2_train-False_batch-32_lr-1e-05_dropout-0.6	0.5756979322202616
717	MobileNetV2	False	32	1e-06	0.4	4	MobileNetV2_train-False_batch-32_lr-1e-06_dropout-0.4	0.5813338577859359
718	MobileNetV2	False	32	1e-06	0.5	4	MobileNetV2_train-False_batch-32_lr-1e-06_dropout-0.5	0.5796728437428507
719	MobileNetV2	False	32	1e-06	0.6	4	MobileNetV2_train-False_batch-32_lr-1e-06_dropout-0.6	0.596167463267835
720	MobileNetV2	False	64	0.0001	0.4	4	MobileNetV2_train-False_batch-64_lr-0.0001_dropout-0.4	0.5602239964515413
721	MobileNetV2	False	64	0.0001	0.5	4	MobileNetV2_train-False_batch-64_lr-0.0001_dropout-0.5	0.6056171229900044
722	MobileNetV2	False	64	0.0001	0.6	4	MobileNetV2_train-False_batch-64_lr-0.0001_dropout-0.6	0.5784856284856286
723	MobileNetV2	False	64	1e-05	0.4	4	MobileNetV2_train-False_batch-64_lr-1e-05_dropout-0.4	0.5739348370927319
724	MobileNetV2	False	64	1e-05	0.5	4	MobileNetV2_train-False_batch-64_lr-1e-05_dropout-0.5	0.5073854102269717
725	MobileNetV2	False	64	1e-05	0.6	4	MobileNetV2_train-False_batch-64_lr-1e-05_dropout-0.6	0.5377104377104377
726	MobileNetV2	False	64	1e-06	0.4	4	MobileNetV2_train-False_batch-64_lr-1e-06_dropout-0.4	0.5202745062917021
727	MobileNetV2	False	64	1e-06	0.5	4	MobileNetV2_train-False_batch-64_lr-1e-06_dropout-0.5	0.5964242532801934
728	MobileNetV2	False	64	1e-06	0.6	4	MobileNetV2_train-False_batch-64_lr-1e-06_dropout-0.6	0.47936074526180533
729	MobileNetV2	True	16	0.0001	0.4	4	MobileNetV2_train-True_batch-16_lr-0.0001_dropout-0.4	0.5
730	MobileNetV2	True	16	0.0001	0.5	4	MobileNetV2_train-True_batch-16_lr-0.0001_dropout-0.5	0.5058368399619927
731	MobileNetV2	True	16	0.0001	0.6	4	MobileNetV2_train-True_batch-16_lr-0.0001_dropout-0.6	0.5
732	MobileNetV2	True	16	1e-05	0.4	4	MobileNetV2_train-True_batch-16_lr-1e-05_dropout-0.4	0.5450626959247649
733	MobileNetV2	True	16	1e-05	0.5	4	MobileNetV2_train-True_batch-16_lr-1e-05_dropout-0.5	0.5352235550708833
734	MobileNetV2	True	16	1e-05	0.6	4	MobileNetV2_train-True_batch-16_lr-1e-05_dropout-0.6	0.5385919165580182
735	MobileNetV2	True	16	1e-06	0.4	4	MobileNetV2_train-True_batch-16_lr-1e-06_dropout-0.4	0.5320910973084887
736	MobileNetV2	True	16	1e-06	0.5	4	MobileNetV2_train-True_batch-16_lr-1e-06_dropout-0.5	0.546374859708193
737	MobileNetV2	True	16	1e-06	0.6	4	MobileNetV2_train-True_batch-16_lr-1e-06_dropout-0.6	0.4932715376226826
738	MobileNetV2	True	32	0.0001	0.4	4	MobileNetV2_train-True_batch-32_lr-0.0001_dropout-0.4	0.5
739	MobileNetV2	True	32	0.0001	0.5	4	MobileNetV2_train-True_batch-32_lr-0.0001_dropout-0.5	0.5
740	MobileNetV2	True	32	0.0001	0.6	4	MobileNetV2_train-True_batch-32_lr-0.0001_dropout-0.6	0.5
741	MobileNetV2	True	32	1e-05	0.4	4	MobileNetV2_train-True_batch-32_lr-1e-05_dropout-0.4	0.5331240361313064
742	MobileNetV2	True	32	1e-05	0.5	4	MobileNetV2_train-True_batch-32_lr-1e-05_dropout-0.5	0.5716671727907683
743	MobileNetV2	True	32	1e-05	0.6	4	MobileNetV2_train-True_batch-32_lr-1e-05_dropout-0.6	0.5253069487983281
744	MobileNetV2	True	32	1e-06	0.4	4	MobileNetV2_train-True_batch-32_lr-1e-06_dropout-0.4	0.569637852513575
745	MobileNetV2	True	32	1e-06	0.5	4	MobileNetV2_train-True_batch-32_lr-1e-06_dropout-0.5	0.5522774327122153
746	MobileNetV2	True	32	1e-06	0.6	4	MobileNetV2_train-True_batch-32_lr-1e-06_dropout-0.6	0.4984282700421941
747	MobileNetV2	True	64	0.0001	0.4	4	MobileNetV2_train-True_batch-64_lr-0.0001_dropout-0.4	0.5
748	MobileNetV2	True	64	0.0001	0.5	4	MobileNetV2_train-True_batch-64_lr-0.0001_dropout-0.5	0.5454978931026835
749	MobileNetV2	True	64	0.0001	0.6	4	MobileNetV2_train-True_batch-64_lr-0.0001_dropout-0.6	0.5170467399665174
750	MobileNetV2	True	64	1e-05	0.4	4	MobileNetV2_train-True_batch-64_lr-1e-05_dropout-0.4	0.5292397660818713
751	MobileNetV2	True	64	1e-05	0.5	4	MobileNetV2_train-True_batch-64_lr-1e-05_dropout-0.5	0.49563197439203305
752	MobileNetV2	True	64	1e-05	0.6	4	MobileNetV2_train-True_batch-64_lr-1e-05_dropout-0.6	0.5
753	MobileNetV2	True	64	1e-06	0.4	4	MobileNetV2_train-True_batch-64_lr-1e-06_dropout-0.4	0.4978771173253901
754	MobileNetV2	True	64	1e-06	0.5	4	MobileNetV2_train-True_batch-64_lr-1e-06_dropout-0.5	0.5055616498464239
755	MobileNetV2	True	64	1e-06	0.6	4	MobileNetV2_train-True_batch-64_lr-1e-06_dropout-0.6	0.5189982535488782
756	InceptionResNetV2	False	16	0.0001	0.4	4	InceptionResNetV2_train-False_batch-16_lr-0.0001_dropout-0.4	0.5763934000259842
757	InceptionResNetV2	False	16	0.0001	0.5	4	InceptionResNetV2_train-False_batch-16_lr-0.0001_dropout-0.5	0.5870118473014481
758	InceptionResNetV2	False	16	0.0001	0.6	4	InceptionResNetV2_train-False_batch-16_lr-0.0001_dropout-0.6	0.5069736381152566
759	InceptionResNetV2	False	16	1e-05	0.4	4	InceptionResNetV2_train-False_batch-16_lr-1e-05_dropout-0.4	0.5671040665194231
760	InceptionResNetV2	False	16	1e-05	0.5	4	InceptionResNetV2_train-False_batch-16_lr-1e-05_dropout-0.5	0.5604965989418931
761	InceptionResNetV2	False	16	1e-05	0.6	4	InceptionResNetV2_train-False_batch-16_lr-1e-05_dropout-0.6	0.592948717948718
762	InceptionResNetV2	False	16	1e-06	0.4	4	InceptionResNetV2_train-False_batch-16_lr-1e-06_dropout-0.4	0.5525424853956453
763	InceptionResNetV2	False	16	1e-06	0.5	4	InceptionResNetV2_train-False_batch-16_lr-1e-06_dropout-0.5	0.5479110193193064
764	InceptionResNetV2	False	16	1e-06	0.6	4	InceptionResNetV2_train-False_batch-16_lr-1e-06_dropout-0.6	0.5895632782831406
765	InceptionResNetV2	False	32	0.0001	0.4	4	InceptionResNetV2_train-False_batch-32_lr-0.0001_dropout-0.4	0.6030506432597564
766	InceptionResNetV2	False	32	0.0001	0.5	4	InceptionResNetV2_train-False_batch-32_lr-0.0001_dropout-0.5	0.5553629780093614
767	InceptionResNetV2	False	32	0.0001	0.6	4	InceptionResNetV2_train-False_batch-32_lr-0.0001_dropout-0.6	0.5478866224936122
768	InceptionResNetV2	False	32	1e-05	0.4	4	InceptionResNetV2_train-False_batch-32_lr-1e-05_dropout-0.4	0.5758052532669027
769	InceptionResNetV2	False	32	1e-05	0.5	4	InceptionResNetV2_train-False_batch-32_lr-1e-05_dropout-0.5	0.5432085375905601
770	InceptionResNetV2	False	32	1e-05	0.6	4	InceptionResNetV2_train-False_batch-32_lr-1e-05_dropout-0.6	0.501117454416711
771	InceptionResNetV2	False	32	1e-06	0.4	4	InceptionResNetV2_train-False_batch-32_lr-1e-06_dropout-0.4	0.570509140687097
772	InceptionResNetV2	False	32	1e-06	0.5	4	InceptionResNetV2_train-False_batch-32_lr-1e-06_dropout-0.5	0.496343306806562
773	InceptionResNetV2	False	32	1e-06	0.6	4	InceptionResNetV2_train-False_batch-32_lr-1e-06_dropout-0.6	0.5684555088456822
774	InceptionResNetV2	False	64	0.0001	0.4	4	InceptionResNetV2_train-False_batch-64_lr-0.0001_dropout-0.4	0.5
775	InceptionResNetV2	False	64	0.0001	0.5	4	InceptionResNetV2_train-False_batch-64_lr-0.0001_dropout-0.5	0.5105274971941638
776	InceptionResNetV2	False	64	0.0001	0.6	4	InceptionResNetV2_train-False_batch-64_lr-0.0001_dropout-0.6	0.5134124006075226
777	InceptionResNetV2	False	64	1e-05	0.4	4	InceptionResNetV2_train-False_batch-64_lr-1e-05_dropout-0.4	0.5181295126353791
778	InceptionResNetV2	False	64	1e-05	0.5	4	InceptionResNetV2_train-False_batch-64_lr-1e-05_dropout-0.5	0.5579230003031483
779	InceptionResNetV2	False	64	1e-05	0.6	4	InceptionResNetV2_train-False_batch-64_lr-1e-05_dropout-0.6	0.5420539033457249
780	InceptionResNetV2	False	64	1e-06	0.4	4	InceptionResNetV2_train-False_batch-64_lr-1e-06_dropout-0.4	0.5532189492863651
781	InceptionResNetV2	False	64	1e-06	0.5	4	InceptionResNetV2_train-False_batch-64_lr-1e-06_dropout-0.5	0.5695488721804511
782	InceptionResNetV2	False	64	1e-06	0.6	4	InceptionResNetV2_train-False_batch-64_lr-1e-06_dropout-0.6	0.5231574158325751
783	InceptionResNetV2	True	16	0.0001	0.4	4	InceptionResNetV2_train-True_batch-16_lr-0.0001_dropout-0.4	0.5884009773313426
784	InceptionResNetV2	True	16	0.0001	0.5	4	InceptionResNetV2_train-True_batch-16_lr-0.0001_dropout-0.5	0.5165446884009758
785	InceptionResNetV2	True	16	0.0001	0.6	4	InceptionResNetV2_train-True_batch-16_lr-0.0001_dropout-0.6	0.5076754385964912
786	InceptionResNetV2	True	16	1e-05	0.4	4	InceptionResNetV2_train-True_batch-16_lr-1e-05_dropout-0.4	0.5644530396398759
787	InceptionResNetV2	True	16	1e-05	0.5	4	InceptionResNetV2_train-True_batch-16_lr-1e-05_dropout-0.5	0.5783623308478321
788	InceptionResNetV2	True	16	1e-05	0.6	4	InceptionResNetV2_train-True_batch-16_lr-1e-05_dropout-0.6	0.501117454416711
789	InceptionResNetV2	True	16	1e-06	0.4	4	InceptionResNetV2_train-True_batch-16_lr-1e-06_dropout-0.4	0.5727533960292581
790	InceptionResNetV2	True	16	1e-06	0.5	4	InceptionResNetV2_train-True_batch-16_lr-1e-06_dropout-0.5	0.569265993864758
791	InceptionResNetV2	True	16	1e-06	0.6	4	InceptionResNetV2_train-True_batch-16_lr-1e-06_dropout-0.6	0.532263468239078
792	InceptionResNetV2	True	32	0.0001	0.4	4	InceptionResNetV2_train-True_batch-32_lr-0.0001_dropout-0.4	0.517038306364149
793	InceptionResNetV2	True	32	0.0001	0.5	4	InceptionResNetV2_train-True_batch-32_lr-0.0001_dropout-0.5	0.5
794	InceptionResNetV2	True	32	0.0001	0.6	4	InceptionResNetV2_train-True_batch-32_lr-0.0001_dropout-0.6	0.5085634625597452
795	InceptionResNetV2	True	32	1e-05	0.4	4	InceptionResNetV2_train-True_batch-32_lr-1e-05_dropout-0.4	0.6062348929558011
796	InceptionResNetV2	True	32	1e-05	0.5	4	InceptionResNetV2_train-True_batch-32_lr-1e-05_dropout-0.5	0.533106625713032
797	InceptionResNetV2	True	32	1e-05	0.6	4	InceptionResNetV2_train-True_batch-32_lr-1e-05_dropout-0.6	0.5096368165727022
798	InceptionResNetV2	True	32	1e-06	0.4	4	InceptionResNetV2_train-True_batch-32_lr-1e-06_dropout-0.4	0.5387530293016083
799	InceptionResNetV2	True	32	1e-06	0.5	4	InceptionResNetV2_train-True_batch-32_lr-1e-06_dropout-0.5	0.5443105996148851
800	InceptionResNetV2	True	32	1e-06	0.6	4	InceptionResNetV2_train-True_batch-32_lr-1e-06_dropout-0.6	0.512385778008748
801	InceptionResNetV2	True	64	0.0001	0.4	4	InceptionResNetV2_train-True_batch-64_lr-0.0001_dropout-0.4	0.5010918003565062
802	InceptionResNetV2	True	64	0.0001	0.5	4	InceptionResNetV2_train-True_batch-64_lr-0.0001_dropout-0.5	0.6049178555987895
803	InceptionResNetV2	True	64	0.0001	0.6	4	InceptionResNetV2_train-True_batch-64_lr-0.0001_dropout-0.6	0.5956649776969382
804	InceptionResNetV2	True	64	1e-05	0.4	4	InceptionResNetV2_train-True_batch-64_lr-1e-05_dropout-0.4	0.5686846749015881
805	InceptionResNetV2	True	64	1e-05	0.5	4	InceptionResNetV2_train-True_batch-64_lr-1e-05_dropout-0.5	0.5239416221033868
806	InceptionResNetV2	True	64	1e-05	0.6	4	InceptionResNetV2_train-True_batch-64_lr-1e-05_dropout-0.6	0.5658512505484862
807	InceptionResNetV2	True	64	1e-06	0.4	4	InceptionResNetV2_train-True_batch-64_lr-1e-06_dropout-0.4	0.5189547823015102
808	InceptionResNetV2	True	64	1e-06	0.5	4	InceptionResNetV2_train-True_batch-64_lr-1e-06_dropout-0.5	0.5190837149335349
809	InceptionResNetV2	True	64	1e-06	0.6	4	InceptionResNetV2_train-True_batch-64_lr-1e-06_dropout-0.6	0.492206548241031
